{"stat.walkOneCm":6280,"stat.playerKills":2,"stat.pickup.sky_orchards.sapling_dirt":1,"stat.leaveGame":1,"stat.pickup.advancementbook.advancement_book":1,"stat.damageTaken":2056,"stat.useItem.statues.blockplayerstatue":4,"stat.mineBlock.sky_orchards.leaves_dirt":1,"stat.pickup.sky_orchards.resin_dirt":2,"stat.pickup.minecraft.log":1,"stat.flyOneCm":2621,"stat.deaths":8,"stat.drop":1,"stat.jump":60,"stat.playOneMinute":10814,"stat.fallOneCm":301463,"stat.sneakTime":1423,"stat.damageDealt":265,"stat.crouchOneCm":2922,"stat.mineBlock.sky_orchards.log_dirt":1,"stat.timeSinceDeath":924,"stat.pickup.sky_orchards.acorn_dirt":1,"stat.useItem.minecraft.stone_slab2":2,"stat.drop.advancementbook.advancement_book":1}