{"stat.mineBlock.sky_orchards.log_coal":372,"stat.craftItem.sky_orchards.sapling_sand":1,"stat.pickup.minecraft.wooden_slab":25,"stat.craftItem.ceramics.unfired_clay":1,"stat.mineBlock.tconstruct.tinker_tank_controller":1,"stat.pickup.minecraft.redstone_torch":1,"stat.useItem.minecraft.iron_axe":105,"stat.leaveGame":1,"stat.craftItem.thermalfoundation.wrench":1,"stat.mineBlock.sky_orchards.leaves_gravel":1118,"stat.pickup.minecraft.flint":47,"stat.drop.chiselsandbits.wrench_wood":1,"stat.craftItem.minecraft.iron_axe":1,"stat.craftItem.tconstruct.faucet":5,"stat.pickup.bdsandm.wood_crate":6,"stat.pickup.sky_orchards.resin_dirt":204,"stat.mineBlock.cyclicmagic.item_pipe":3,"stat.pickup.pickletweaks.coal_piece":110,"stat.craftItem.sky_orchards.amber_iron":189,"stat.drop.minecraft.skull":1,"stat.swimOneCm":496,"stat.pickup.rustic.crushing_tub":2,"stat.useItem.minecraft.planks":16,"stat.mineBlock.sky_orchards.leaves_tin":331,"stat.craftItem.sky_orchards.sapling_petrified":1,"stat.craftItem.inspirations.stone_crook":38,"stat.mineBlock.sky_orchards.log_dirt":150,"stat.useItem.sky_orchards.sapling_bone":13,"stat.mineBlock.sky_orchards.leaves_redstone":306,"stat.useItem.minecraft.dirt":8,"stat.useItem.minecraft.stone_slab2":131,"stat.mineBlock.cyclicmagic.energy_pump":1,"stat.useItem.sky_orchards.sapling_iron":13,"stat.pickup.minecraft.rotten_flesh":3,"stat.craftItem.sky_orchards.amber_clay":48,"stat.craftItem.minecraft.furnace":5,"stat.craftItem.sky_orchards.sapling_gravel":3,"stat.pickup.sky_orchards.sapling_dirt":265,"stat.pickup.morecauldrons.stone_cauldron":4,"stat.craftItem.minecraft.stone_axe":19,"stat.craftItem.sky_orchards.sapling_bone":1,"stat.mineBlock.sky_orchards.sapling_redstone":9,"stat.craftItem.minecraft.stone_pickaxe":1,"stat.mineBlock.sky_orchards.leaves_dirt":1314,"stat.pickup.minecraft.cobblestone":3,"stat.mineBlock.minecraft.wooden_slab":24,"stat.craftItem.tconstruct.casting":7,"stat.craftItem.cyclicmagic.item_pump":5,"stat.flyOneCm":167657,"stat.useItem.cyclicmagic.item_pump":1,"stat.mineBlock.sky_orchards.leaves_coal":2532,"stat.pickup.inspirations.mulch":1,"stat.pickup.sky_orchards.resin_coal":570,"stat.craftItem.minecraft.wooden_slab":432,"stat.pickup.sky_orchards.resin_petrified":574,"stat.pickup.sky_orchards.sapling_petrified":536,"stat.timeSinceDeath":169205,"stat.useItem.minecraft.iron_pickaxe":8,"stat.useItem.minecraft.wooden_slab":350,"stat.killEntity.ranged_rogue_android":1,"stat.mineBlock.sky_orchards.sapling_sand":3,"stat.pickup.cyclicmagic.item_pump":5,"stat.craftItem.cyclicmagic.energy_pump":6,"stat.pickup.minecraft.wooden_axe":1,"stat.mineBlock.minecraft.vine":54,"stat.craftItem.tconstruct.seared":43,"stat.drop.ceramics.clay_bucket":1,"stat.furnaceInteraction":399,"stat.craftItem.sky_orchards.acorn_coal":64,"stat.useItem.tconstruct.rack":8,"stat.useItem.sky_orchards.sapling_clay":22,"stat.mineBlock.sky_orchards.amber_iron":1,"stat.drop.sky_orchards.sapling_cottonwood":1,"stat.useItem.xlfoodmod.coffee":1,"stat.mineBlock.rustic.apple_seeds":6,"stat.useItem.tp.toasted_bread":1,"stat.craftItem.tconstruct.soil":272,"stat.useItem.sky_orchards.acorn_coal":6,"stat.craftItem.thermalfoundation.material":10,"stat.craftItem.sky_orchards.acorn_dirt":34,"stat.pickup.sky_orchards.amber_iron":19,"stat.pickup.tconstruct.smeltery_controller":1,"stat.craftItem.chiselsandbits.wrench_wood":2,"stat.pickup.sky_orchards.acorn_coal":295,"stat.mineBlock.rustic.sapling_apple":1,"stat.craftItem.minecraft.brick_block":52,"stat.pickup.minecraft.furnace":2,"stat.mineBlock.sky_orchards.leaves_clay":371,"stat.craftItem.minecraft.stone_slab2":0,"stat.pickup.sky_orchards.sapling_cottonwood":1,"stat.craftItem.tconstruct.stone_stick":16,"stat.useItem.sky_orchards.sapling_petrified":94,"stat.drop.sky_orchards.acorn_dirt":10,"stat.useItem.cyclicmagic.energy_pump":1,"stat.craftItem.tconstruct.tooltables":4,"stat.pickup.sky_orchards.acorn_dirt":167,"stat.sprintOneCm":671237,"stat.pickup.sky_orchards.sapling_coal":379,"stat.craftItem.minecraft.stick":96,"stat.craftItem.minecraft.wooden_axe":4,"stat.mineBlock.morecauldrons.stone_cauldron":4,"stat.useItem.carryon.tile_item":85,"stat.mineBlock.sky_orchards.leaves_petrified":2935,"stat.craftItem.minecraft.stone":7,"stat.mineBlock.sky_orchards.sapling_iron":8,"stat.craftItem.minecraft.sand":71,"stat.useItem.tconstruct.casting":1,"stat.pickup.cyclicmagic.energy_pump":1,"stat.mineBlock.sky_orchards.log_tin":76,"stat.craftItem.minecraft.dropper":9,"stat.craftItem.minecraft.clay_ball":568,"stat.useItem.minecraft.dye":10,"stat.craftItem.minecraft.heavy_weighted_pressure_plate":10,"stat.deaths":9,"stat.mineBlock.minecraft.planks":6,"stat.useItem.tconstruct.smeltery_io":2,"stat.drop":30,"stat.playOneMinute":252751,"stat.craftItem.sky_orchards.sapling_clay":2,"stat.mineBlock.rustic.leaves_apple":52,"stat.useItem.tconstruct.seared":54,"stat.craftItem.minecraft.iron_pickaxe":2,"stat.useItem.sky_orchards.acorn_dirt":36,"stat.mineBlock.bonsaitrees.bonsaipot":4,"stat.killEntity.Zombie":3,"stat.craftItem.minecraft.dye":1,"stat.drop.statues.blockplayerstatue":2,"stat.craftItem.minecraft.clay":130,"stat.mineBlock.minecraft.tallgrass":3,"stat.useItem.sky_orchards.sapling_sand":19,"stat.pickup.tconstruct.seared":15,"stat.chestOpened":368,"stat.useItem.inspirations.stone_crook":8639,"stat.useItem.sky_orchards.acorn_petrified":38,"stat.useItem.thermalfoundation.wrench":41,"stat.mineBlock.sky_orchards.leaves_bone":550,"stat.useItem.slabmachines.crafting_station_slab":1,"stat.pickup.tconstruct.casting":3,"stat.pickup.sky_orchards.resin_redstone":51,"stat.mineBlock.tconstruct.smeltery_controller":1,"stat.pickup.sky_orchards.acorn_petrified":340,"stat.useItem.bonsaitrees.bonsaipot":23,"stat.useItem.minecraft.apple":18,"stat.mineBlock.sky_orchards.leaves_iron":320,"stat.craftItem.morecauldrons.stone_cauldron":1,"stat.useItem.inspirations.wooden_crook":1879,"stat.pickup.sky_orchards.resin_sand":104,"stat.craftItem.sky_orchards.sapling_coal":3,"stat.craftItem.minecraft.coal":17,"stat.pickup.sky_orchards.resin_clay":80,"stat.craftItem.minecraft.brick_stairs":36,"stat.craftItem.minecraft.iron_nugget":90,"stat.useItem.sky_orchards.sapling_gravel":44,"stat.jump":1162,"stat.pickup.sky_orchards.acorn_tin":33,"stat.craftItem.tconstruct.rack":10,"stat.useItem.sky_orchards.sapling_redstone":13,"stat.fallOneCm":687729,"stat.craftItem.inspirations.mulch":48,"stat.craftItem.sky_orchards.sapling_redstone":2,"stat.pickup.sky_orchards.sapling_redstone":45,"stat.craftItem.bonsaitrees.bonsaipot":86,"stat.useItem.minecraft.stone_axe":1538,"stat.crouchOneCm":77240,"stat.mineBlock.minecraft.chest":3,"stat.craftItem.minecraft.chest":149,"stat.craftItem.minecraft.iron_ingot":210,"stat.mineBlock.sky_orchards.log_sand":65,"stat.craftItem.minecraft.torch":24,"stat.pickup.tconstruct.tinker_tank_controller":1,"stat.pickup.rustic.grape_stem":17,"stat.useItem.inspirations.mulch":1,"stat.pickup.minecraft.dirt":15,"stat.useItem.sky_orchards.sapling_tin":13,"stat.pickup.bonsaitrees.bonsaipot":4,"stat.mineBlock.sky_orchards.sapling_bone":6,"stat.craftItem.minecraft.hopper":38,"stat.craftingTableInteraction":13,"stat.mineBlock.sky_orchards.leaves_sand":549,"stat.pickup.sky_orchards.resin_bone":88,"stat.mineBlock.cyclicmagic.item_pump":5,"stat.useItem.minecraft.sapling":9,"stat.pickup.sky_orchards.sapling_sand":79,"stat.pickup.sky_orchards.sapling_tin":53,"stat.mineBlock.minecraft.leaves2":78,"stat.pickup.sky_orchards.acorn_redstone":28,"stat.mineBlock.minecraft.log2":11,"stat.pickup.sky_orchards.resin_tin":109,"stat.damageTaken":3255,"stat.mineBlock.bdsandm.wood_crate":6,"stat.mineBlock.minecraft.furnace":2,"stat.mineBlock.minecraft.torch":5,"stat.mineBlock.minecraft.red_flower":1,"stat.craftItem.tconstruct.materials":272,"stat.mineBlock.minecraft.sapling":8,"stat.pickup.minecraft.log2":11,"stat.pickup.minecraft.dye":25,"stat.pickup.minecraft.planks":43,"stat.pickup.sky_orchards.resin_iron":49,"stat.craftItem.slabmachines.crafting_station_slab":2,"stat.useItem.sky_orchards.amber_iron":1,"stat.mineBlock.sky_orchards.log_redstone":32,"stat.pickup.tconstruct.materials":1,"stat.mineBlock.sky_orchards.sapling_petrified":41,"stat.useItem.minecraft.stone_pickaxe":27,"stat.craftItem.tconstruct.seared_tank":1,"stat.pickup.sky_orchards.sapling_clay":67,"stat.pickup.statues.blockplayerstatue":3,"stat.useItem.bdsandm.wood_crate":36,"stat.damageDealt":2157,"stat.mineBlock.sky_orchards.log_bone":59,"stat.craftItem.minecraft.glass":1,"stat.useItem.sky_orchards.acorn_gravel":21,"stat.mineBlock.sky_orchards.log_iron":33,"stat.mineBlock.minecraft.dirt":7,"stat.pickup.sky_orchards.acorn_iron":44,"stat.craftItem.minecraft.gravel":95,"stat.craftItem.sky_orchards.acorn_bone":6,"stat.craftItem.sky_orchards.amber_tin":9,"stat.pickup.sky_orchards.acorn_bone":69,"stat.drop.minecraft.stick":1,"stat.walkOneCm":627587,"stat.useItem.minecraft.torch":15,"stat.playerKills":6,"stat.useItem.minecraft.chest":39,"stat.craftItem.tconstruct.smeltery_io":5,"stat.pickup.sky_orchards.sapling_iron":64,"stat.mineBlock.sky_orchards.sapling_dirt":30,"stat.pickup.minecraft.stick":15,"stat.craftItem.minecraft.redstone_block":5,"stat.pickup.sky_orchards.sapling_bone":72,"stat.craftItem.cyclicmagic.item_pipe":64,"stat.craftItem.minecraft.crafting_table":2,"stat.craftItem.inspirations.wooden_crook":18,"stat.pickup.sky_orchards.acorn_clay":40,"stat.pickup.rustic.apple_seeds":12,"stat.craftItem.ceramics.clay_bucket":1,"stat.mineBlock.sky_orchards.sapling_coal":8,"stat.craftItem.morecauldrons.oak_cauldron":2,"stat.mineBlock.sky_orchards.sapling_clay":12,"stat.pickup.minecraft.log":1648,"stat.useItem.tconstruct.faucet":1,"stat.mineBlock.sky_orchards.log_gravel":150,"stat.pickup.sky_orchards.resin_gravel":230,"stat.pickup.sky_orchards.acorn_gravel":130,"stat.useItem.slabmachines.furnace_slab":6,"stat.drop.minecraft.planks":6,"stat.craftItem.sky_orchards.acorn_gravel":30,"stat.pickup.sky_orchards.acorn_sand":60,"stat.craftItem.sky_orchards.acorn_sand":27,"stat.craftItem.minecraft.redstone":45,"stat.pickup.minecraft.sapling":47,"stat.pickup.sky_orchards.sapling_gravel":179,"stat.useItem.cyclicmagic.item_pipe":50,"stat.craftItem.tconstruct.smeltery_controller":2,"stat.drop.sky_orchards.sapling_dirt":6,"stat.mineBlock.sky_orchards.sapling_gravel":16,"stat.craftItem.minecraft.bucket":3,"stat.useItem.sky_orchards.acorn_clay":21,"stat.craftItem.bdsandm.wood_crate":46,"stat.craftItem.minecraft.planks":977,"stat.killEntity.rogue_android":1,"stat.mineBlock.minecraft.redstone_torch":1,"stat.pickup.cyclicmagic.item_pipe":3,"stat.craftItem.minecraft.dirt":21,"stat.craftItem.sky_orchards.acorn_petrified":71,"stat.mineBlock.inspirations.mulch":1,"stat.craftItem.sky_orchards.acorn_clay":30,"stat.mobKills":5,"stat.mineBlock.minecraft.log":159,"stat.mineBlock.sky_orchards.log_clay":49,"stat.pickup.rustic.sapling_apple":7,"stat.mineBlock.minecraft.leaves":206,"stat.mineBlock.rustic.crushing_tub":2,"stat.craftItem.slabmachines.furnace_slab":8,"stat.pickup.minecraft.torch":5,"stat.useItem.sky_orchards.acorn_sand":26,"stat.useItem.sky_orchards.sapling_coal":82,"stat.mineBlock.tconstruct.seared":15,"stat.pickup.minecraft.red_flower":1,"stat.sneakTime":17715,"stat.mineBlock.tconstruct.casting":3,"stat.useItem.minecraft.wooden_axe":110,"stat.craftItem.minecraft.brick":497,"stat.craftItem.tconstruct.tinker_tank_controller":2,"stat.pickup.minecraft.yellow_flower":1,"stat.craftItem.minecraft.cobblestone":194,"stat.useItem.sky_orchards.sapling_dirt":44,"stat.mineBlock.sky_orchards.log_petrified":369,"stat.drop.minecraft.wooden_axe":1,"stat.pickup.minecraft.chest":3,"stat.useItem.rustic.apple_seeds":4}