{"stat.chestOpened":164,"stat.useItem.inspirations.stone_crook":6136,"stat.mineBlock.sky_orchards.log_coal":233,"stat.useItem.sky_orchards.acorn_petrified":28,"stat.craftItem.sky_orchards.sapling_sand":1,"stat.pickup.minecraft.wooden_slab":17,"stat.craftItem.ceramics.unfired_clay":1,"stat.mineBlock.sky_orchards.leaves_bone":29,"stat.leaveGame":1,"stat.mineBlock.sky_orchards.leaves_gravel":1118,"stat.pickup.minecraft.flint":47,"stat.pickup.sky_orchards.acorn_petrified":336,"stat.useItem.bonsaitrees.bonsaipot":8,"stat.pickup.bdsandm.wood_crate":3,"stat.pickup.sky_orchards.resin_dirt":204,"stat.useItem.inspirations.wooden_crook":1879,"stat.pickup.pickletweaks.coal_piece":81,"stat.pickup.sky_orchards.resin_sand":104,"stat.craftItem.sky_orchards.sapling_coal":3,"stat.craftItem.minecraft.coal":17,"stat.pickup.sky_orchards.resin_clay":80,"stat.craftItem.sky_orchards.amber_iron":60,"stat.jump":465,"stat.drop.minecraft.skull":1,"stat.useItem.sky_orchards.sapling_gravel":44,"stat.swimOneCm":496,"stat.craftItem.tconstruct.rack":10,"stat.pickup.rustic.crushing_tub":1,"stat.fallOneCm":673133,"stat.useItem.minecraft.planks":8,"stat.craftItem.sky_orchards.sapling_petrified":1,"stat.craftItem.inspirations.mulch":48,"stat.craftItem.bonsaitrees.bonsaipot":28,"stat.useItem.minecraft.stone_axe":1228,"stat.crouchOneCm":41899,"stat.mineBlock.sky_orchards.log_dirt":150,"stat.craftItem.inspirations.stone_crook":28,"stat.mineBlock.minecraft.chest":2,"stat.craftItem.minecraft.chest":77,"stat.craftItem.minecraft.iron_ingot":60,"stat.mineBlock.sky_orchards.log_sand":65,"stat.craftItem.minecraft.torch":24,"stat.pickup.rustic.grape_stem":10,"stat.pickup.minecraft.dirt":12,"stat.useItem.minecraft.dirt":6,"stat.useItem.minecraft.stone_slab2":57,"stat.pickup.bonsaitrees.bonsaipot":2,"stat.craftItem.minecraft.hopper":13,"stat.pickup.minecraft.rotten_flesh":3,"stat.craftItem.minecraft.furnace":2,"stat.mineBlock.sky_orchards.leaves_sand":549,"stat.pickup.sky_orchards.resin_bone":7,"stat.useItem.minecraft.sapling":9,"stat.pickup.sky_orchards.sapling_sand":79,"stat.craftItem.sky_orchards.sapling_gravel":3,"stat.pickup.sky_orchards.sapling_dirt":257,"stat.craftItem.minecraft.stone_axe":17,"stat.craftItem.sky_orchards.sapling_bone":1,"stat.damageTaken":3235,"stat.mineBlock.bdsandm.wood_crate":3,"stat.craftItem.minecraft.stone_pickaxe":1,"stat.mineBlock.minecraft.furnace":2,"stat.mineBlock.sky_orchards.leaves_dirt":1241,"stat.mineBlock.minecraft.sapling":5,"stat.pickup.minecraft.cobblestone":3,"stat.mineBlock.minecraft.wooden_slab":16,"stat.pickup.minecraft.dye":13,"stat.pickup.minecraft.planks":37,"stat.flyOneCm":46948,"stat.mineBlock.sky_orchards.leaves_coal":1790,"stat.mineBlock.sky_orchards.sapling_petrified":41,"stat.pickup.sky_orchards.resin_coal":363,"stat.useItem.minecraft.stone_pickaxe":2,"stat.craftItem.minecraft.wooden_slab":300,"stat.pickup.sky_orchards.resin_petrified":574,"stat.pickup.sky_orchards.sapling_clay":67,"stat.pickup.statues.blockplayerstatue":3,"stat.useItem.bdsandm.wood_crate":26,"stat.damageDealt":1946,"stat.mineBlock.sky_orchards.log_bone":5,"stat.pickup.sky_orchards.sapling_petrified":525,"stat.useItem.sky_orchards.acorn_gravel":21,"stat.timeSinceDeath":61205,"stat.mineBlock.minecraft.dirt":4,"stat.useItem.minecraft.wooden_slab":162,"stat.craftItem.minecraft.gravel":10,"stat.pickup.sky_orchards.acorn_bone":6,"stat.drop.minecraft.stick":1,"stat.killEntity.ranged_rogue_android":1,"stat.mineBlock.sky_orchards.sapling_sand":3,"stat.walkOneCm":411867,"stat.useItem.minecraft.torch":3,"stat.playerKills":6,"stat.useItem.minecraft.chest":16,"stat.mineBlock.sky_orchards.sapling_dirt":30,"stat.pickup.minecraft.wooden_axe":1,"stat.mineBlock.minecraft.vine":54,"stat.pickup.sky_orchards.sapling_bone":2,"stat.drop.ceramics.clay_bucket":1,"stat.furnaceInteraction":147,"stat.craftItem.inspirations.wooden_crook":18,"stat.craftItem.minecraft.crafting_table":1,"stat.pickup.sky_orchards.acorn_clay":40,"stat.useItem.tconstruct.rack":8,"stat.useItem.sky_orchards.sapling_clay":22,"stat.craftItem.ceramics.clay_bucket":1,"stat.mineBlock.sky_orchards.sapling_coal":7,"stat.craftItem.morecauldrons.oak_cauldron":2,"stat.mineBlock.sky_orchards.sapling_clay":12,"stat.useItem.xlfoodmod.coffee":1,"stat.useItem.tp.toasted_bread":1,"stat.pickup.minecraft.log":1209,"stat.craftItem.sky_orchards.acorn_dirt":34,"stat.mineBlock.sky_orchards.log_gravel":150,"stat.pickup.sky_orchards.resin_gravel":230,"stat.pickup.sky_orchards.acorn_coal":190,"stat.pickup.sky_orchards.acorn_gravel":130,"stat.pickup.minecraft.furnace":2,"stat.mineBlock.sky_orchards.leaves_clay":371,"stat.useItem.slabmachines.furnace_slab":3,"stat.craftItem.minecraft.stone_slab2":0,"stat.drop.minecraft.planks":6,"stat.craftItem.sky_orchards.acorn_gravel":30,"stat.pickup.sky_orchards.acorn_sand":60,"stat.craftItem.tconstruct.stone_stick":16,"stat.craftItem.sky_orchards.acorn_sand":27,"stat.useItem.sky_orchards.sapling_petrified":94,"stat.drop.sky_orchards.acorn_dirt":10,"stat.craftItem.tconstruct.tooltables":1,"stat.pickup.minecraft.sapling":22,"stat.pickup.sky_orchards.acorn_dirt":157,"stat.sprintOneCm":383319,"stat.pickup.sky_orchards.sapling_gravel":179,"stat.pickup.sky_orchards.sapling_coal":254,"stat.craftItem.minecraft.stick":60,"stat.craftItem.minecraft.wooden_axe":4,"stat.drop.sky_orchards.sapling_dirt":6,"stat.useItem.carryon.tile_item":24,"stat.mineBlock.sky_orchards.sapling_gravel":16,"stat.mineBlock.sky_orchards.leaves_petrified":2880,"stat.useItem.sky_orchards.acorn_clay":21,"stat.craftItem.bdsandm.wood_crate":36,"stat.craftItem.minecraft.planks":521,"stat.killEntity.rogue_android":1,"stat.craftItem.minecraft.dirt":21,"stat.craftItem.sky_orchards.acorn_petrified":45,"stat.craftItem.sky_orchards.acorn_clay":30,"stat.craftItem.minecraft.clay_ball":88,"stat.mobKills":5,"stat.mineBlock.minecraft.log":147,"stat.mineBlock.sky_orchards.log_clay":49,"stat.deaths":9,"stat.drop":28,"stat.mineBlock.minecraft.leaves":150,"stat.mineBlock.rustic.crushing_tub":1,"stat.craftItem.slabmachines.furnace_slab":4,"stat.playOneMinute":144751,"stat.craftItem.sky_orchards.sapling_clay":2,"stat.useItem.sky_orchards.acorn_sand":24,"stat.useItem.sky_orchards.sapling_coal":57,"stat.sneakTime":9762,"stat.useItem.sky_orchards.acorn_dirt":36,"stat.mineBlock.bonsaitrees.bonsaipot":2,"stat.killEntity.Zombie":3,"stat.useItem.minecraft.wooden_axe":110,"stat.craftItem.minecraft.brick":70,"stat.drop.statues.blockplayerstatue":2,"stat.craftItem.minecraft.clay":35,"stat.craftItem.minecraft.cobblestone":86,"stat.useItem.sky_orchards.sapling_dirt":44,"stat.mineBlock.sky_orchards.log_petrified":369,"stat.drop.minecraft.wooden_axe":1,"stat.useItem.sky_orchards.sapling_sand":19,"stat.pickup.minecraft.chest":2}