{"stat.chestOpened":78,"stat.useItem.inspirations.stone_crook":2019,"stat.pickup.inspirations.stone_crook":1,"stat.useItem.sky_orchards.acorn_petrified":41,"stat.pickup.minecraft.wooden_slab":12,"stat.drop.sky_orchards.resin_dirt":1,"stat.drop.pickletweaks.coal_piece":2,"stat.useItem.slabmachines.crafting_station_slab":1,"stat.leaveGame":9,"stat.pickup.minecraft.flint":1,"stat.pickup.minecraft.stone_axe":1,"stat.pickup.sky_orchards.acorn_petrified":94,"stat.pickup.bdsandm.wood_crate":6,"stat.pickup.sky_orchards.resin_dirt":185,"stat.useItem.inspirations.wooden_crook":340,"stat.pickup.pickletweaks.coal_piece":2,"stat.pickup.sky_orchards.resin_sand":35,"stat.craftItem.minecraft.coal":3,"stat.pickup.sky_orchards.resin_clay":14,"stat.jump":419,"stat.swimOneCm":1319,"stat.useItem.minecraft.planks":5,"stat.fallOneCm":371100,"stat.useItem.minecraft.stone_axe":200,"stat.crouchOneCm":57360,"stat.mineBlock.sky_orchards.log_dirt":134,"stat.craftItem.inspirations.stone_crook":7,"stat.mineBlock.sky_orchards.log_sand":24,"stat.craftItem.minecraft.chest":49,"stat.craftItem.minecraft.torch":12,"stat.pickup.rustic.grape_stem":2,"stat.pickup.minecraft.dirt":14,"stat.useItem.minecraft.dirt":14,"stat.useItem.minecraft.stone_slab2":33,"stat.mineBlock.sky_orchards.leaves_sand":109,"stat.pickup.sky_orchards.sapling_sand":18,"stat.pickup.sky_orchards.sapling_dirt":343,"stat.craftItem.minecraft.stone_axe":5,"stat.damageTaken":2756,"stat.mineBlock.bdsandm.wood_crate":6,"stat.mineBlock.sky_orchards.leaves_dirt":1543,"stat.mineBlock.minecraft.wooden_slab":35,"stat.drop.sky_orchards.sapling_gravel":1,"stat.pickup.minecraft.dye":1,"stat.pickup.minecraft.planks":5,"stat.flyOneCm":48399,"stat.craftItem.slabmachines.crafting_station_slab":2,"stat.mineBlock.sky_orchards.leaves_coal":51,"stat.mineBlock.sky_orchards.sapling_petrified":1,"stat.craftItem.minecraft.wooden_slab":516,"stat.pickup.sky_orchards.resin_petrified":81,"stat.pickup.sky_orchards.sapling_clay":21,"stat.pickup.statues.blockplayerstatue":4,"stat.useItem.bdsandm.wood_crate":35,"stat.damageDealt":265,"stat.pickup.sky_orchards.sapling_petrified":183,"stat.timeSinceDeath":37541,"stat.mineBlock.minecraft.dirt":10,"stat.useItem.minecraft.wooden_slab":439,"stat.drop.advancementbook.advancement_book":1,"stat.walkOneCm":172591,"stat.pickup.ceramics.clay_bucket":1,"stat.useItem.minecraft.torch":5,"stat.playerKills":2,"stat.useItem.minecraft.chest":2,"stat.mineBlock.sky_orchards.sapling_dirt":5,"stat.pickup.minecraft.wooden_axe":1,"stat.pickup.advancementbook.advancement_book":1,"stat.furnaceInteraction":33,"stat.craftItem.inspirations.wooden_crook":3,"stat.craftItem.minecraft.crafting_table":1,"stat.pickup.sky_orchards.acorn_clay":20,"stat.useItem.statues.blockplayerstatue":4,"stat.useItem.tp.toasted_bread":1,"stat.pickup.minecraft.log":221,"stat.craftItem.sky_orchards.acorn_dirt":4,"stat.pickup.sky_orchards.acorn_coal":9,"stat.craftItem.rustic.crushing_tub":2,"stat.mineBlock.sky_orchards.leaves_clay":130,"stat.craftItem.minecraft.stone_slab2":0,"stat.pickup.sky_orchards.acorn_sand":15,"stat.drop.sky_orchards.sapling_coal":2,"stat.useItem.sky_orchards.sapling_petrified":28,"stat.pickup.minecraft.sapling":8,"stat.craftItem.tconstruct.tooltables":1,"stat.pickup.sky_orchards.acorn_dirt":148,"stat.sprintOneCm":214934,"stat.pickup.sky_orchards.sapling_coal":10,"stat.pickup.sky_orchards.sapling_gravel":1,"stat.pickup.minecraft.skull":1,"stat.craftItem.minecraft.stick":40,"stat.craftItem.minecraft.wooden_axe":7,"stat.mineBlock.sky_orchards.leaves_petrified":664,"stat.craftItem.bdsandm.wood_crate":36,"stat.craftItem.minecraft.planks":1020,"stat.craftItem.minecraft.dirt":17,"stat.craftItem.sky_orchards.acorn_petrified":32,"stat.pickup.inspirations.wooden_crook":1,"stat.mineBlock.minecraft.log":5,"stat.mineBlock.sky_orchards.log_clay":13,"stat.deaths":9,"stat.mineBlock.minecraft.planks":5,"stat.drop":16,"stat.mineBlock.minecraft.leaves":18,"stat.playOneMinute":114195,"stat.pickup.minecraft.torch":12,"stat.sneakTime":17386,"stat.useItem.sky_orchards.acorn_dirt":8,"stat.drop.minecraft.stone_axe":1,"stat.useItem.minecraft.wooden_axe":75,"stat.drop.minecraft.torch":7,"stat.craftItem.minecraft.brick":4,"stat.craftItem.minecraft.cobblestone":16,"stat.useItem.sky_orchards.sapling_dirt":28,"stat.mineBlock.sky_orchards.log_petrified":55,"stat.drop.minecraft.wooden_axe":1}