{"stat.mineBlock.sky_orchards.log_coal":372,"stat.craftItem.sky_orchards.sapling_sand":1,"stat.pickup.minecraft.wooden_slab":105,"stat.leaveGame":5,"stat.craftItem.thermalfoundation.wrench":1,"stat.pickup.bdsandm.wood_crate":174,"stat.entityKilledBy.Human":1,"stat.pickup.rustic.crushing_tub":2,"stat.craftItem.minecraft.stone_pressure_plate":32,"stat.mineBlock.sky_orchards.log_dirt":209,"stat.pickup.sky_orchards.resin_cottonwood":49,"stat.pickup.minecraft.rotten_flesh":7,"stat.craftItem.sky_orchards.amber_clay":48,"stat.craftItem.sky_orchards.sapling_gravel":3,"stat.pickup.sky_orchards.sapling_dirt":270,"stat.craftItem.minecraft.stone_axe":19,"stat.pickup.minecraft.bucket":3,"stat.killEntity.Enderman":1,"stat.mineBlock.minecraft.wooden_slab":68,"stat.pickup.integrateddynamics.menril_sapling":11,"stat.craftItem.bdsandm.upgrade":7,"stat.pickup.integrateddynamics.menril_berries":26,"stat.pickup.sky_orchards.resin_petrified":577,"stat.useItem.minecraft.iron_pickaxe":257,"stat.craftItem.minecraft.bed":1,"stat.pickup.cyclicmagic.item_pump":47,"stat.craftItem.cyclicmagic.energy_pump":6,"stat.mineBlock.minecraft.vine":54,"stat.pickup.thermalfoundation.material":1,"stat.furnaceInteraction":488,"stat.craftItem.sky_orchards.acorn_coal":64,"stat.useItem.sky_orchards.sapling_gold":8,"stat.mineBlock.sky_orchards.amber_iron":2,"stat.mineBlock.rustic.apple_seeds":6,"stat.craftItem.sky_orchards.acorn_dirt":34,"stat.craftItem.chiselsandbits.wrench_wood":2,"stat.pickup.sky_orchards.acorn_coal":423,"stat.drop.sky_orchards.acorn_dirt":10,"stat.pickup.sky_orchards.acorn_dirt":176,"stat.pickup.inspirations.potato_seeds":8,"stat.pickup.sky_orchards.sapling_coal":379,"stat.pickup.minecraft.potion":1,"stat.pickup.cyclicmagic.energy_pump":1,"stat.mineBlock.sky_orchards.log_tin":76,"stat.craftItem.minecraft.dropper":29,"stat.pickup.sky_orchards.leaves_coal":323,"stat.useItem.minecraft.dye":35,"stat.deaths":10,"stat.useItem.tconstruct.smeltery_io":2,"stat.pickup.sky_orchards.leaves_dirt":258,"stat.craftItem.minecraft.iron_pickaxe":3,"stat.pickup.sky_orchards.sapling_lapis":41,"stat.mineBlock.minecraft.tallgrass":238,"stat.useItem.sky_orchards.sapling_sand":19,"stat.pickup.tconstruct.seared":15,"stat.chestOpened":867,"stat.useItem.sky_orchards.acorn_petrified":38,"stat.pickup.minecraft.arrow":4,"stat.pickup.sky_orchards.resin_redstone":51,"stat.mineBlock.sky_orchards.leaves_iron":320,"stat.craftItem.morecauldrons.stone_cauldron":1,"stat.craftItem.minecraft.coal":17,"stat.useItem.sky_orchards.sapling_gravel":44,"stat.craftItem.sky_orchards.sapling_redstone":2,"stat.crouchOneCm":164627,"stat.mineBlock.minecraft.chest":42,"stat.craftItem.minecraft.iron_ingot":444,"stat.pickup.rustic.grape_stem":17,"stat.pickup.bonsaitrees.bonsaipot":18,"stat.mineBlock.sky_orchards.sapling_bone":6,"stat.craftItem.minecraft.hopper":55,"stat.pickup.sky_orchards.resin_lapis":33,"stat.craftingTableInteraction":32,"stat.pickup.sky_orchards.sapling_tin":53,"stat.pickup.sky_orchards.acorn_redstone":28,"stat.mineBlock.minecraft.log2":11,"stat.pickup.minecraft.dye":27,"stat.pickup.minecraft.planks":132,"stat.pickup.bdsandm.metal_crate":32,"stat.pickup.sky_orchards.resin_iron":54,"stat.pickup.minecraft.wheat_seeds":6,"stat.mineBlock.minecraft.dirt":7,"stat.pickup.sky_orchards.acorn_iron":326,"stat.mineBlock.sky_orchards.leaves_lapis":203,"stat.pickup.sky_orchards.sapling_iron":77,"stat.pickup.inspirations.carrot_seeds":3,"stat.craftItem.bdsandm.metal_crate":16,"stat.mineBlock.minecraft.double_plant":3,"stat.mineBlock.sky_orchards.sapling_clay":12,"stat.pickup.sky_orchards.resin_gravel":304,"stat.useItem.slabmachines.furnace_slab":6,"stat.pickup.sky_orchards.resin_silver":6,"stat.craftItem.sky_orchards.acorn_gravel":30,"stat.pickup.integrateddynamics.squeezer":1,"stat.mineBlock.sky_orchards.sapling_gravel":16,"stat.craftItem.minecraft.bucket":4,"stat.craftItem.minecraft.planks":1862,"stat.craftItem.minecraft.dirt":21,"stat.mineBlock.integrateddynamics.menril_log":28,"stat.pickup.sky_orchards.leaves_petrified":208,"stat.mineBlock.minecraft.log":159,"stat.pickup.rustic.sapling_apple":7,"stat.useItem.sky_orchards.acorn_sand":26,"stat.pickup.minecraft.red_flower":9,"stat.mineBlock.sky_orchards.log_cottonwood":36,"stat.useItem.minecraft.wooden_axe":110,"stat.craftItem.tconstruct.tinker_tank_controller":2,"stat.craftItem.minecraft.cobblestone":427,"stat.useItem.minecraft.iron_axe":796,"stat.pickup.minecraft.flint":47,"stat.mineBlock.minecraft.yellow_flower":21,"stat.killEntity.Human":5,"stat.craftItem.minecraft.wool":3,"stat.pickup.pickletweaks.coal_piece":110,"stat.mineBlock.sky_orchards.leaves_redstone":306,"stat.useItem.minecraft.stone_slab2":325,"stat.mineBlock.cyclicmagic.energy_pump":1,"stat.craftItem.minecraft.furnace":8,"stat.craftItem.minecraft.lapis_block":2,"stat.mineBlock.sky_orchards.leaves_dirt":1390,"stat.craftItem.sky_orchards.amber_gold":3,"stat.mineBlock.sky_orchards.sapling_lapis":9,"stat.craftItem.cyclicmagic.item_pump":24,"stat.flyOneCm":500053,"stat.mineBlock.sky_orchards.leaves_coal":2532,"stat.timeSinceDeath":64871,"stat.useItem.minecraft.wooden_slab":787,"stat.useItem.minecraft.potato":1,"stat.craftItem.tconstruct.seared":43,"stat.useItem.tconstruct.rack":8,"stat.pickup.sky_orchards.acorn_lead":29,"stat.killEntity.Creeper":4,"stat.useItem.tp.toasted_bread":1,"stat.pickup.minecraft.string":13,"stat.pickup.sky_orchards.amber_iron":20,"stat.mineBlock.rustic.sapling_apple":1,"stat.craftItem.tconstruct.stone_stick":16,"stat.useItem.sky_orchards.sapling_petrified":94,"stat.craftItem.tconstruct.tooltables":4,"stat.sprintOneCm":1349856,"stat.craftItem.minecraft.wooden_axe":4,"stat.useItem.carryon.tile_item":153,"stat.mineBlock.sky_orchards.leaves_petrified":2935,"stat.mineBlock.sky_orchards.sapling_iron":8,"stat.pickup.sky_orchards.leaves_gravel":174,"stat.craftItem.bdsandm.crate_key":1,"stat.mineBlock.sky_orchards.log_lead":27,"stat.mineBlock.bonsaitrees.bonsaipot":18,"stat.pickup.minecraft.iron_block":2,"stat.killEntity.Zombie":5,"stat.craftItem.minecraft.dye":480,"stat.diveOneCm":5556,"stat.useItem.bonsaitrees.bonsaipot":59,"stat.craftItem.sky_orchards.sapling_coal":3,"stat.pickup.sky_orchards.resin_clay":321,"stat.jump":3648,"stat.useItem.sky_orchards.sapling_redstone":13,"stat.pickup.minecraft.gunpowder":5,"stat.mineBlock.sky_orchards.log_sand":65,"stat.craftItem.minecraft.torch":24,"stat.pickup.minecraft.dirt":15,"stat.craftItem.sky_orchards.sapling_lapis":1,"stat.pickup.sky_orchards.resin_bone":90,"stat.useItem.minecraft.sapling":9,"stat.craftItem.practicallogistics2.hammer":2,"stat.damageTaken":4943,"stat.mineBlock.minecraft.torch":6,"stat.mineBlock.minecraft.red_flower":9,"stat.mineBlock.minecraft.sapling":9,"stat.pickup.minecraft.log2":11,"stat.craftItem.sky_orchards.amber_lead":2,"stat.pickup.bdsandm.upgrade":25,"stat.useItem.sky_orchards.amber_iron":2,"stat.pickup.minecraft.potato":1,"stat.pickup.sky_orchards.sapling_clay":84,"stat.pickup.statues.blockplayerstatue":3,"stat.killEntity.bouncy_creepers.bouncy_creeper":1,"stat.useItem.sky_orchards.acorn_gravel":21,"stat.craftItem.sky_orchards.acorn_bone":6,"stat.useItem.minecraft.chest":106,"stat.craftItem.tconstruct.smeltery_io":5,"stat.pickup.sky_orchards.leaves_gold":362,"stat.pickup.sky_orchards.sapling_bone":72,"stat.craftItem.morecauldrons.oak_cauldron":2,"stat.craftItem.sky_orchards.amber_silver":2,"stat.useItem.tconstruct.faucet":1,"stat.useItem.sky_orchards.sapling_lead":14,"stat.mineBlock.sky_orchards.leaves_lead":223,"stat.pickup.minecraft.ender_pearl":1,"stat.useItem.cyclicmagic.item_pipe":172,"stat.mineBlock.integrateddynamics.menril_leaves":81,"stat.craftItem.sky_orchards.acorn_clay":30,"stat.mobKills":24,"stat.mineBlock.sky_orchards.log_gold":16,"stat.pickup.minecraft.beetroot_seeds":6,"stat.mineBlock.rustic.crushing_tub":2,"stat.pickup.minecraft.torch":6,"stat.mineBlock.sky_orchards.log_petrified":369,"stat.useItem.sky_orchards.sapling_cottonwood":17,"stat.craftItem.minecraft.iron_axe":6,"stat.mineBlock.cyclicmagic.item_pipe":113,"stat.drop.minecraft.skull":1,"stat.pickup.sky_orchards.resin_lead":45,"stat.useItem.minecraft.planks":104,"stat.mineBlock.sky_orchards.leaves_tin":331,"stat.craftItem.sky_orchards.sapling_petrified":1,"stat.useItem.sky_orchards.sapling_iron":13,"stat.useItem.minecraft.water_bucket":4,"stat.mineBlock.sky_orchards.sapling_redstone":9,"stat.craftItem.tconstruct.casting":7,"stat.pickup.inspirations.mulch":14,"stat.drop.ceramics.clay_bucket":1,"stat.pickup.xlfoodmod.lettuce_seeds":1,"stat.useItem.sky_orchards.acorn_coal":6,"stat.craftItem.thermalfoundation.material":55,"stat.mineBlock.sky_orchards.leaves_gold":172,"stat.pickup.minecraft.furnace":3,"stat.useItem.bdsandm.metal_crate":5,"stat.craftItem.minecraft.sand":77,"stat.craftItem.minecraft.heavy_weighted_pressure_plate":30,"stat.playOneMinute":493792,"stat.useItem.sky_orchards.acorn_dirt":36,"stat.drop.statues.blockplayerstatue":2,"stat.mineBlock.sky_orchards.sapling_cottonwood":11,"stat.useItem.slabmachines.crafting_station_slab":1,"stat.pickup.tconstruct.casting":3,"stat.mineBlock.bdsandm.metal_crate":31,"stat.pickup.sky_orchards.acorn_petrified":416,"stat.useItem.inspirations.wooden_crook":2018,"stat.pickup.sky_orchards.resin_sand":104,"stat.craftItem.minecraft.iron_nugget":234,"stat.pickup.sky_orchards.resin_gold":121,"stat.fallOneCm":811997,"stat.craftItem.inspirations.mulch":48,"stat.drop.minecraft.dye":2,"stat.pickup.minecraft.melon_seeds":4,"stat.craftItem.minecraft.chest":189,"stat.useItem.inspirations.mulch":2,"stat.mineBlock.sky_orchards.leaves_sand":549,"stat.pickup.sky_orchards.sapling_sand":79,"stat.pickup.sky_orchards.resin_tin":109,"stat.mineBlock.bdsandm.wood_crate":162,"stat.useItem.minecraft.furnace":2,"stat.craftItem.tconstruct.materials":272,"stat.pickup.sky_orchards.sapling_gold":138,"stat.mineBlock.sky_orchards.sapling_petrified":41,"stat.useItem.minecraft.stone_pickaxe":27,"stat.craftItem.tconstruct.seared_tank":1,"stat.mineBlock.sky_orchards.log_bone":59,"stat.craftItem.sky_orchards.amber_tin":137,"stat.drop.minecraft.stick":1,"stat.craftItem.integrateddynamics.squeezer":1,"stat.useItem.minecraft.torch":15,"stat.mineBlock.sky_orchards.sapling_dirt":30,"stat.pickup.sky_orchards.leaves_clay":135,"stat.craftItem.minecraft.redstone_block":12,"stat.pickup.advancementbook.advancement_book":1,"stat.pickup.sky_orchards.acorn_gold":1516,"stat.craftItem.minecraft.crafting_table":4,"stat.craftItem.ceramics.clay_bucket":1,"stat.mineBlock.sky_orchards.sapling_coal":8,"stat.pickup.minecraft.log":2193,"stat.drop.minecraft.planks":6,"stat.pickup.sky_orchards.acorn_sand":60,"stat.craftItem.sky_orchards.acorn_sand":27,"stat.pickup.minecraft.sapling":49,"stat.mineBlock.minecraft.iron_block":2,"stat.craftItem.tconstruct.smeltery_controller":2,"stat.killEntity.rogue_android":4,"stat.craftItem.sky_orchards.acorn_petrified":71,"stat.mineBlock.sky_orchards.log_clay":49,"stat.pickup.sky_orchards.acorn_lapis":26,"stat.useItem.integrateddynamics.menril_berries":15,"stat.useItem.sky_orchards.sapling_coal":82,"stat.sneakTime":37782,"stat.pickup.minecraft.yellow_flower":21,"stat.craftItem.slabmachines.workbench_slab":2,"stat.useItem.sky_orchards.sapling_dirt":44,"stat.drop.minecraft.wooden_axe":1,"stat.pickup.minecraft.chest":42,"stat.mineBlock.integrateddynamics.menril_log_filled":2,"stat.pickup.minecraft.bone":4,"stat.craftItem.ceramics.unfired_clay":1,"stat.mineBlock.tconstruct.tinker_tank_controller":1,"stat.pickup.minecraft.redstone_torch":3,"stat.pickup.minecraft.stone_pressure_plate":10,"stat.mineBlock.sky_orchards.leaves_gravel":1118,"stat.drop.chiselsandbits.wrench_wood":1,"stat.craftItem.tconstruct.faucet":5,"stat.mineBlock.sky_orchards.leaves_silver":58,"stat.pickup.sky_orchards.resin_dirt":291,"stat.craftItem.sky_orchards.amber_iron":400,"stat.swimOneCm":3415,"stat.useItem.sky_orchards.sapling_lapis":12,"stat.craftItem.inspirations.stone_crook":42,"stat.useItem.sky_orchards.sapling_bone":13,"stat.useItem.minecraft.dirt":8,"stat.pickup.morecauldrons.stone_cauldron":5,"stat.craftItem.minecraft.bone_block":51,"stat.craftItem.sky_orchards.sapling_bone":1,"stat.craftItem.extendedcrafting.handheld_table":1,"stat.craftItem.minecraft.stone_pickaxe":1,"stat.pickup.minecraft.cobblestone":4,"stat.mineBlock.sky_orchards.sapling_gold":7,"stat.craftItem.minecraft.glass_bottle":3,"stat.useItem.cyclicmagic.item_pump":58,"stat.pickup.sky_orchards.sapling_lead":37,"stat.pickup.sky_orchards.resin_coal":570,"stat.craftItem.minecraft.wooden_slab":1410,"stat.pickup.sky_orchards.sapling_petrified":540,"stat.mineBlock.sky_orchards.leaves_cottonwood":354,"stat.killEntity.ranged_rogue_android":2,"stat.mineBlock.sky_orchards.sapling_sand":3,"stat.useItem.slabmachines.workbench_slab":1,"stat.pickup.minecraft.wooden_axe":1,"stat.useItem.sky_orchards.sapling_clay":22,"stat.drop.sky_orchards.sapling_cottonwood":1,"stat.useItem.xlfoodmod.coffee":1,"stat.craftItem.tconstruct.soil":272,"stat.pickup.tconstruct.smeltery_controller":1,"stat.craftItem.minecraft.brick_block":104,"stat.mineBlock.sky_orchards.leaves_clay":371,"stat.craftItem.minecraft.stone_slab2":0,"stat.pickup.sky_orchards.sapling_cottonwood":63,"stat.useItem.cyclicmagic.energy_pump":1,"stat.craftItem.minecraft.stick":136,"stat.mineBlock.morecauldrons.stone_cauldron":5,"stat.craftItem.minecraft.stone":73,"stat.pickup.integrateddynamics.menril_log":30,"stat.useItem.tconstruct.casting":1,"stat.craftItem.minecraft.clay_ball":920,"stat.mineBlock.minecraft.planks":36,"stat.drop":32,"stat.craftItem.sky_orchards.sapling_clay":2,"stat.mineBlock.rustic.leaves_apple":52,"stat.useItem.tconstruct.seared":54,"stat.craftItem.minecraft.clay":218,"stat.pickup.integrateddynamics.crystalized_menril_chunk":4,"stat.useItem.inspirations.stone_crook":9475,"stat.pickup.sky_orchards.acorn_cottonwood":28,"stat.useItem.thermalfoundation.wrench":41,"stat.mineBlock.sky_orchards.leaves_bone":550,"stat.mineBlock.tconstruct.smeltery_controller":1,"stat.useItem.minecraft.apple":97,"stat.craftItem.minecraft.brick_stairs":68,"stat.pickup.sky_orchards.leaves_iron":19,"stat.pickup.sky_orchards.acorn_tin":33,"stat.craftItem.tconstruct.rack":10,"stat.pickup.sky_orchards.sapling_redstone":45,"stat.craftItem.bonsaitrees.bonsaipot":105,"stat.useItem.minecraft.stone_axe":1538,"stat.pickup.tconstruct.tinker_tank_controller":1,"stat.useItem.sky_orchards.sapling_tin":13,"stat.mineBlock.cyclicmagic.item_pump":47,"stat.mineBlock.minecraft.leaves2":78,"stat.mineBlock.sky_orchards.log_lapis":23,"stat.mineBlock.minecraft.furnace":3,"stat.mineBlock.sky_orchards.sapling_lead":11,"stat.craftItem.slabmachines.crafting_station_slab":2,"stat.mineBlock.sky_orchards.log_redstone":32,"stat.pickup.tconstruct.materials":1,"stat.useItem.bdsandm.wood_crate":51,"stat.damageDealt":6837,"stat.craftItem.minecraft.glass":7,"stat.sleepInBed":12,"stat.mineBlock.sky_orchards.log_iron":33,"stat.craftItem.minecraft.gravel":95,"stat.pickup.sky_orchards.acorn_bone":69,"stat.mineBlock.integrateddynamics.squeezer":1,"stat.walkOneCm":1180638,"stat.playerKills":6,"stat.pickup.minecraft.stick":969,"stat.craftItem.cyclicmagic.item_pipe":120,"stat.craftItem.inspirations.wooden_crook":20,"stat.pickup.sky_orchards.acorn_clay":162,"stat.pickup.rustic.apple_seeds":12,"stat.mineBlock.sky_orchards.log_silver":4,"stat.mineBlock.sky_orchards.log_gravel":150,"stat.mineBlock.integrateddynamics.menril_sapling":1,"stat.pickup.sky_orchards.acorn_gravel":130,"stat.pickup.sky_orchards.acorn_silver":3,"stat.craftItem.minecraft.redstone":108,"stat.pickup.sky_orchards.sapling_gravel":179,"stat.pickup.sky_orchards.sapling_silver":11,"stat.killEntity.Skeleton":2,"stat.drop.sky_orchards.sapling_dirt":6,"stat.useItem.sky_orchards.acorn_clay":21,"stat.craftItem.bdsandm.wood_crate":51,"stat.mineBlock.minecraft.redstone_torch":3,"stat.pickup.cyclicmagic.item_pipe":111,"stat.useItem.minecraft.iron_block":1,"stat.mineBlock.inspirations.mulch":2,"stat.mineBlock.minecraft.leaves":206,"stat.craftItem.slabmachines.furnace_slab":8,"stat.mineBlock.tconstruct.seared":15,"stat.mineBlock.tconstruct.casting":3,"stat.craftItem.minecraft.brick":799,"stat.mineBlock.minecraft.stone":1,"stat.useItem.rustic.apple_seeds":4}