{"stat.mineBlock.sky_orchards.log_coal":6,"stat.craftItem.sky_orchards.sapling_cottonwood":2,"stat.pickup.minecraft.wooden_slab":360,"stat.leaveGame":11,"stat.craftItem.minecraft.iron_axe":1,"stat.pickup.bdsandm.wood_crate":17,"stat.useItem.minecraft.planks":54,"stat.mineBlock.sky_orchards.log_dirt":197,"stat.pickup.sky_orchards.resin_cottonwood":8,"stat.useItem.minecraft.water_bucket":20,"stat.pickup.minecraft.rotten_flesh":5,"stat.pickup.sky_orchards.sapling_dirt":415,"stat.craftItem.minecraft.stone_axe":11,"stat.mineBlock.minecraft.wooden_slab":74,"stat.craftItem.minecraft.iron_shovel":2,"stat.pickup.integrateddynamics.menril_sapling":1,"stat.craftItem.bdsandm.upgrade":25,"stat.pickup.inspirations.mulch":32,"stat.pickup.sky_orchards.resin_petrified":89,"stat.useItem.minecraft.fence_gate":17,"stat.useItem.minecraft.iron_pickaxe":5,"stat.pickup.sky_orchards.amber_petrified":3,"stat.useItem.minecraft.iron_shovel":2,"stat.craftItem.minecraft.hardened_clay":6,"stat.pickup.cyclicmagic.item_pump":3,"stat.furnaceInteraction":69,"stat.useItem.statues.blockplayerstatue":4,"stat.useItem.sky_orchards.acorn_coal":29,"stat.craftItem.thermalfoundation.material":207,"stat.craftItem.sky_orchards.acorn_dirt":4,"stat.pickup.minecraft.fence_gate":7,"stat.drop.sky_orchards.acorn_coal":1,"stat.pickup.sky_orchards.acorn_coal":81,"stat.pickup.sky_orchards.acorn_dirt":178,"stat.pickup.sky_orchards.sapling_coal":31,"stat.useItem.minecraft.fence":45,"stat.pickup.minecraft.skull":1,"stat.mineBlock.minecraft.fence":15,"stat.craftItem.minecraft.fence_gate":20,"stat.useItem.sky_orchards.leaves_coal":1,"stat.pickup.sky_orchards.leaves_coal":175,"stat.deaths":10,"stat.playOneMinute":395316,"stat.craftItem.minecraft.iron_pickaxe":2,"stat.useItem.sky_orchards.acorn_dirt":8,"stat.pickup.sky_orchards.sapling_lapis":1,"stat.drop.minecraft.torch":8,"stat.chestOpened":447,"stat.pickup.inspirations.stone_crook":3,"stat.useItem.sky_orchards.acorn_petrified":54,"stat.useItem.slabmachines.crafting_station_slab":1,"stat.pickup.sky_orchards.acorn_petrified":180,"stat.useItem.inspirations.wooden_crook":340,"stat.pickup.sky_orchards.resin_sand":628,"stat.craftItem.minecraft.coal":9,"stat.craftItem.minecraft.iron_nugget":9,"stat.fallOneCm":524387,"stat.craftItem.inspirations.mulch":24,"stat.pickup.sky_orchards.leaves_bone":229,"stat.crouchOneCm":120353,"stat.mineBlock.minecraft.chest":19,"stat.craftItem.minecraft.chest":155,"stat.craftItem.minecraft.iron_ingot":191,"stat.pickup.rustic.grape_stem":16,"stat.useItem.inspirations.mulch":7,"stat.pickup.bonsaitrees.bonsaipot":25,"stat.craftItem.minecraft.hopper":21,"stat.craftingTableInteraction":7,"stat.mineBlock.sky_orchards.leaves_sand":165,"stat.pickup.sky_orchards.sapling_sand":87,"stat.mineBlock.bdsandm.wood_crate":10,"stat.pickup.minecraft.dye":29,"stat.pickup.minecraft.planks":294,"stat.pickup.sky_orchards.sapling_gold":44,"stat.mineBlock.sky_orchards.sapling_petrified":6,"stat.mineBlock.sky_orchards.log_bone":5,"stat.useItem.sky_orchards.leaves_petrified":1,"stat.mineBlock.minecraft.dirt":24,"stat.drop.advancementbook.advancement_book":1,"stat.useItem.minecraft.torch":35,"stat.mineBlock.sky_orchards.sapling_dirt":5,"stat.pickup.sky_orchards.leaves_clay":128,"stat.pickup.advancementbook.advancement_book":2,"stat.pickup.sky_orchards.acorn_gold":128,"stat.craftItem.minecraft.crafting_table":1,"stat.craftItem.bdsandm.metal_crate":2,"stat.pickup.minecraft.log":1794,"stat.pickup.sky_orchards.resin_gravel":58,"stat.pickup.sky_orchards.acorn_sand":82,"stat.pickup.minecraft.hopper":5,"stat.pickup.minecraft.sapling":37,"stat.drop.thermalfoundation.storage":1,"stat.mineBlock.minecraft.iron_block":1,"stat.craftItem.minecraft.bucket":6,"stat.craftItem.minecraft.planks":3308,"stat.useItem.minecraft.iron_sword":24,"stat.craftItem.minecraft.dirt":129,"stat.pickup.morecauldrons.oak_cauldron":1,"stat.craftItem.sky_orchards.acorn_petrified":32,"stat.mineBlock.minecraft.log":107,"stat.mineBlock.sky_orchards.log_clay":18,"stat.pickup.rustic.sapling_apple":1,"stat.sneakTime":33895,"stat.mineBlock.sky_orchards.log_cottonwood":6,"stat.useItem.minecraft.wooden_axe":75,"stat.craftItem.minecraft.cobblestone":110,"stat.useItem.sky_orchards.sapling_dirt":56,"stat.drop.minecraft.wooden_axe":1,"stat.pickup.minecraft.chest":22,"stat.drop.sky_orchards.resin_dirt":1,"stat.drop.pickletweaks.coal_piece":2,"stat.pickup.minecraft.stone_pressure_plate":25,"stat.useItem.minecraft.iron_axe":66,"stat.mineBlock.sky_orchards.leaves_gravel":55,"stat.pickup.minecraft.flint":9,"stat.killEntity.Human":1,"stat.pickup.sky_orchards.resin_dirt":275,"stat.mineBlock.thermalfoundation.storage":1,"stat.pickup.pickletweaks.coal_piece":6,"stat.craftItem.sky_orchards.amber_iron":64,"stat.swimOneCm":3122,"stat.mineBlock.morecauldrons.oak_cauldron":1,"stat.craftItem.inspirations.stone_crook":12,"stat.useItem.minecraft.dirt":183,"stat.useItem.minecraft.stone_slab2":97,"stat.craftItem.minecraft.furnace":1,"stat.mineBlock.sky_orchards.leaves_dirt":1930,"stat.pickup.minecraft.cobblestone":78,"stat.flyOneCm":403616,"stat.mineBlock.sky_orchards.leaves_coal":106,"stat.pickup.sky_orchards.resin_coal":244,"stat.craftItem.minecraft.wooden_slab":1272,"stat.pickup.sky_orchards.sapling_petrified":199,"stat.timeSinceDeath":54328,"stat.mineBlock.sky_orchards.leaves_cottonwood":56,"stat.useItem.minecraft.wooden_slab":945,"stat.pickup.minecraft.wooden_axe":1,"stat.useItem.tconstruct.rack":18,"stat.drop.sky_orchards.sapling_cottonwood":1,"stat.useItem.tp.toasted_bread":1,"stat.pickup.minecraft.string":3,"stat.useItem.tconstruct.edible":2,"stat.mineBlock.sky_orchards.leaves_clay":187,"stat.craftItem.minecraft.stone_slab2":0,"stat.pickup.sky_orchards.sapling_cottonwood":8,"stat.useItem.minecraft.written_book":2,"stat.useItem.sky_orchards.sapling_petrified":40,"stat.craftItem.tconstruct.tooltables":1,"stat.sprintOneCm":830593,"stat.craftItem.minecraft.stick":396,"stat.craftItem.minecraft.wooden_axe":7,"stat.useItem.carryon.tile_item":59,"stat.mineBlock.sky_orchards.leaves_petrified":665,"stat.pickup.minecraft.grass":119,"stat.pickup.sky_orchards.leaves_gravel":26,"stat.pickup.inspirations.wooden_crook":1,"stat.mineBlock.minecraft.planks":30,"stat.drop":22,"stat.mineBlock.bonsaitrees.bonsaipot":25,"stat.pickup.minecraft.iron_block":1,"stat.killEntity.Zombie":1,"stat.diveOneCm":319,"stat.useItem.inspirations.stone_crook":3058,"stat.pickup.sky_orchards.acorn_cottonwood":5,"stat.useItem.thermalfoundation.storage":1,"stat.mineBlock.sky_orchards.leaves_bone":60,"stat.pickup.minecraft.stone_axe":3,"stat.useItem.minecraft.apple":39,"stat.useItem.bonsaitrees.bonsaipot":15,"stat.pickup.sky_orchards.resin_clay":21,"stat.useItem.sky_orchards.leaves_bone":2,"stat.pickup.minecraft.brick":42,"stat.jump":2410,"stat.craftItem.tconstruct.rack":21,"stat.pickup.minecraft.fence":153,"stat.craftItem.bonsaitrees.bonsaipot":28,"stat.useItem.minecraft.stone_axe":497,"stat.mineBlock.sky_orchards.log_sand":28,"stat.craftItem.minecraft.torch":36,"stat.pickup.minecraft.dirt":63,"stat.pickup.sky_orchards.resin_bone":99,"stat.mineBlock.cyclicmagic.item_pump":3,"stat.useItem.minecraft.sapling":5,"stat.drop.inspirations.stone_crook":1,"stat.damageTaken":4122,"stat.mineBlock.minecraft.torch":10,"stat.pickup.minecraft.written_book":1,"stat.drop.sky_orchards.sapling_gravel":1,"stat.pickup.mysticalagriculture.crafting":1,"stat.craftItem.slabmachines.crafting_station_slab":2,"stat.mineBlock.minecraft.fence_gate":3,"stat.pickup.sky_orchards.sapling_clay":34,"stat.pickup.statues.blockplayerstatue":4,"stat.useItem.bdsandm.wood_crate":37,"stat.damageDealt":1718,"stat.sleepInBed":1,"stat.craftItem.minecraft.iron_sword":2,"stat.pickup.sky_orchards.acorn_bone":142,"stat.walkOneCm":593237,"stat.pickup.ceramics.clay_bucket":1,"stat.craftItem.sky_orchards.amber_petrified":3,"stat.playerKills":2,"stat.useItem.minecraft.chest":27,"stat.pickup.minecraft.stick":1518,"stat.pickup.sky_orchards.sapling_bone":13,"stat.craftItem.inspirations.wooden_crook":3,"stat.pickup.sky_orchards.acorn_clay":23,"stat.pickup.sky_orchards.leaves_sand":407,"stat.craftItem.morecauldrons.oak_cauldron":2,"stat.useItem.sky_orchards.leaves_clay":1,"stat.mineBlock.sky_orchards.log_gravel":5,"stat.mineBlock.integrateddynamics.menril_sapling":1,"stat.craftItem.rustic.crushing_tub":3,"stat.pickup.sky_orchards.acorn_gravel":165,"stat.pickup.thermalfoundation.storage":2,"stat.drop.sky_orchards.sapling_coal":2,"stat.pickup.sky_orchards.sapling_gravel":11,"stat.craftItem.bdsandm.wood_crate":47,"stat.entityKilledBy.rogue_android":1,"stat.pickup.cyclicmagic.item_pipe":2,"stat.killEntity.Spider":2,"stat.mineBlock.inspirations.mulch":7,"stat.mobKills":5,"stat.craftItem.minecraft.fence":231,"stat.mineBlock.minecraft.leaves":334,"stat.pickup.minecraft.torch":26,"stat.drop.minecraft.stone_axe":2,"stat.craftItem.minecraft.brick":34,"stat.mineBlock.sky_orchards.log_petrified":60}