{"stat.useItem.minecraft.string":1,"stat.mineBlock.sky_orchards.log_coal":6,"stat.craftItem.sky_orchards.sapling_cottonwood":2,"stat.pickup.minecraft.wooden_slab":365,"stat.leaveGame":19,"stat.craftItem.minecraft.iron_axe":1,"stat.pickup.bdsandm.wood_crate":21,"stat.pickup.tconstruct.edible":6,"stat.entityKilledBy.Human":1,"stat.mineBlock.farmingforblockheads.market":1,"stat.useItem.minecraft.planks":84,"stat.craftItem.minecraft.stone_pressure_plate":18,"stat.mineBlock.sky_orchards.log_dirt":197,"stat.pickup.sky_orchards.resin_cottonwood":8,"stat.useItem.minecraft.water_bucket":22,"stat.pickup.minecraft.rotten_flesh":5,"stat.pickup.sky_orchards.acorn_diamond":192,"stat.useItem.inspirations.carrot_seeds":2,"stat.pickup.sky_orchards.sapling_dirt":415,"stat.craftItem.minecraft.stone_axe":11,"stat.mineBlock.minecraft.wooden_slab":79,"stat.craftItem.minecraft.iron_shovel":2,"stat.pickup.integrateddynamics.menril_sapling":1,"stat.craftItem.bdsandm.upgrade":34,"stat.pickup.inspirations.mulch":33,"stat.pickup.sky_orchards.resin_petrified":143,"stat.useItem.minecraft.fence_gate":17,"stat.useItem.minecraft.iron_pickaxe":5,"stat.pickup.sky_orchards.amber_petrified":3,"stat.useItem.minecraft.iron_shovel":5,"stat.craftItem.minecraft.hardened_clay":6,"stat.pickup.cyclicmagic.item_pump":3,"stat.furnaceInteraction":83,"stat.useItem.statues.blockplayerstatue":4,"stat.useItem.sky_orchards.acorn_coal":29,"stat.craftItem.thermalfoundation.material":207,"stat.craftItem.sky_orchards.acorn_dirt":4,"stat.pickup.minecraft.fence_gate":7,"stat.drop.sky_orchards.acorn_coal":1,"stat.pickup.sky_orchards.acorn_coal":81,"stat.pickup.sky_orchards.acorn_dirt":178,"stat.pickup.sky_orchards.sapling_coal":31,"stat.useItem.minecraft.fence":45,"stat.pickup.minecraft.skull":1,"stat.mineBlock.minecraft.fence":15,"stat.craftItem.minecraft.fence_gate":20,"stat.useItem.minecraft.wheat_seeds":8,"stat.useItem.sky_orchards.leaves_coal":1,"stat.pickup.sky_orchards.leaves_coal":175,"stat.useItem.minecraft.dye":450,"stat.deaths":15,"stat.pickup.minecraft.egg":1,"stat.playOneMinute":585534,"stat.pickup.tconstruct.rack":2,"stat.pickup.xlfoodmod.raw_corn":20,"stat.craftItem.minecraft.iron_pickaxe":2,"stat.useItem.sky_orchards.acorn_dirt":8,"stat.pickup.sky_orchards.sapling_lapis":1,"stat.drop.minecraft.torch":8,"stat.mineBlock.minecraft.tallgrass":16,"stat.chestOpened":623,"stat.pickup.inspirations.stone_crook":4,"stat.useItem.sky_orchards.acorn_petrified":54,"stat.useItem.slabmachines.crafting_station_slab":2,"stat.pickup.sky_orchards.acorn_petrified":501,"stat.useItem.inspirations.wooden_crook":340,"stat.pickup.sky_orchards.resin_sand":628,"stat.craftItem.minecraft.coal":15,"stat.craftItem.minecraft.iron_nugget":9,"stat.craftItem.minecraft.iron_hoe":1,"stat.pickup.sky_orchards.resin_gold":94,"stat.fallOneCm":688717,"stat.craftItem.inspirations.mulch":24,"stat.pickup.sky_orchards.leaves_bone":229,"stat.pickup.minecraft.carrot":44,"stat.pickup.minecraft.melon_seeds":1,"stat.crouchOneCm":123868,"stat.mineBlock.minecraft.chest":20,"stat.craftItem.minecraft.diamond":297,"stat.craftItem.minecraft.chest":157,"stat.craftItem.minecraft.iron_ingot":200,"stat.pickup.rustic.grape_stem":27,"stat.useItem.inspirations.mulch":7,"stat.pickup.bonsaitrees.bonsaipot":26,"stat.useItem.minecraft.iron_hoe":11,"stat.craftItem.minecraft.hopper":21,"stat.craftingTableInteraction":9,"stat.mineBlock.sky_orchards.leaves_sand":165,"stat.pickup.sky_orchards.sapling_sand":87,"stat.mineBlock.bdsandm.wood_crate":12,"stat.pickup.minecraft.dye":38,"stat.pickup.minecraft.planks":329,"stat.pickup.sky_orchards.resin_iron":140,"stat.pickup.sky_orchards.sapling_gold":49,"stat.pickup.minecraft.wheat_seeds":133,"stat.mineBlock.sky_orchards.sapling_petrified":6,"stat.mineBlock.sky_orchards.log_bone":24,"stat.useItem.sky_orchards.leaves_petrified":1,"stat.mineBlock.minecraft.dirt":27,"stat.pickup.sky_orchards.acorn_iron":45,"stat.drop.advancementbook.advancement_book":1,"stat.useItem.minecraft.torch":67,"stat.pickup.sky_orchards.sapling_iron":2,"stat.mineBlock.sky_orchards.sapling_dirt":5,"stat.pickup.sky_orchards.leaves_clay":128,"stat.pickup.inspirations.carrot_seeds":1,"stat.pickup.advancementbook.advancement_book":2,"stat.useItem.minecraft.log":1,"stat.pickup.sky_orchards.acorn_gold":128,"stat.craftItem.minecraft.crafting_table":3,"stat.craftItem.bdsandm.metal_crate":2,"stat.pickup.minecraft.log":2059,"stat.pickup.sky_orchards.resin_gravel":58,"stat.pickup.matteroverdrive.rogue_android_part":1,"stat.pickup.sky_orchards.resin_silver":64,"stat.pickup.sky_orchards.acorn_sand":82,"stat.pickup.minecraft.hopper":5,"stat.pickup.minecraft.sapling":64,"stat.drop.thermalfoundation.storage":1,"stat.mineBlock.minecraft.iron_block":1,"stat.craftItem.minecraft.bucket":6,"stat.craftItem.minecraft.planks":3308,"stat.useItem.minecraft.iron_sword":132,"stat.craftItem.minecraft.dirt":129,"stat.pickup.morecauldrons.oak_cauldron":2,"stat.craftItem.sky_orchards.acorn_petrified":32,"stat.mineBlock.minecraft.log":117,"stat.mineBlock.sky_orchards.log_clay":18,"stat.pickup.rustic.sapling_apple":1,"stat.useItem.sky_orchards.acorn_sand":5,"stat.pickup.minecraft.red_flower":1,"stat.sneakTime":35270,"stat.mineBlock.sky_orchards.log_cottonwood":6,"stat.pickup.minecraft.wool":2,"stat.useItem.minecraft.wooden_axe":75,"stat.pickup.minecraft.yellow_flower":3,"stat.craftItem.minecraft.cobblestone":174,"stat.useItem.sky_orchards.sapling_dirt":56,"stat.drop.minecraft.wooden_axe":1,"stat.pickup.minecraft.chest":24,"stat.craftItem.minecraft.diamond_chestplate":3,"stat.drop.sky_orchards.resin_dirt":1,"stat.drop.pickletweaks.coal_piece":2,"stat.pickup.minecraft.stone_pressure_plate":25,"stat.craftItem.minecraft.diamond_leggings":2,"stat.useItem.minecraft.iron_axe":146,"stat.mineBlock.sky_orchards.leaves_gravel":55,"stat.pickup.minecraft.flint":35,"stat.mineBlock.minecraft.yellow_flower":3,"stat.killEntity.Human":2,"stat.pickup.sky_orchards.resin_dirt":275,"stat.mineBlock.thermalfoundation.storage":1,"stat.craftItem.minecraft.wool":4,"stat.pickup.pickletweaks.coal_piece":6,"stat.craftItem.minecraft.diamond_helmet":3,"stat.craftItem.sky_orchards.amber_iron":64,"stat.swimOneCm":4701,"stat.mineBlock.morecauldrons.oak_cauldron":2,"stat.craftItem.inspirations.stone_crook":13,"stat.useItem.sky_orchards.sapling_bone":4,"stat.useItem.minecraft.dirt":183,"stat.useItem.minecraft.stone_slab2":126,"stat.entityKilledBy.ranged_rogue_android":2,"stat.craftItem.minecraft.furnace":1,"stat.craftItem.minecraft.bone_block":51,"stat.useItem.minecraft.egg":1,"stat.craftItem.sky_orchards.sapling_bone":1,"stat.useItem.xlfoodmod.corn_seeds":1,"stat.pickup.minecraft.anvil":1,"stat.mineBlock.sky_orchards.leaves_dirt":1930,"stat.pickup.minecraft.cobblestone":78,"stat.flyOneCm":534316,"stat.mineBlock.sky_orchards.leaves_coal":106,"stat.pickup.sky_orchards.resin_coal":244,"stat.craftItem.minecraft.wooden_slab":1284,"stat.pickup.sky_orchards.sapling_petrified":199,"stat.timeSinceDeath":18277,"stat.mineBlock.sky_orchards.leaves_cottonwood":56,"stat.useItem.minecraft.wooden_slab":986,"stat.killEntity.ranged_rogue_android":1,"stat.pickup.minecraft.wooden_axe":1,"stat.pickup.sky_orchards.leaves_diamond":30,"stat.useItem.tconstruct.rack":25,"stat.drop.sky_orchards.sapling_cottonwood":1,"stat.useItem.tp.toasted_bread":1,"stat.pickup.minecraft.string":3,"stat.useItem.tconstruct.edible":2,"stat.pickup.xlfoodmod.corn_seeds":18,"stat.mineBlock.sky_orchards.leaves_clay":187,"stat.drop.sky_orchards.acorn_petrified":1,"stat.craftItem.minecraft.stone_slab2":0,"stat.pickup.sky_orchards.sapling_cottonwood":8,"stat.useItem.minecraft.written_book":2,"stat.useItem.sky_orchards.sapling_petrified":40,"stat.craftItem.tconstruct.tooltables":3,"stat.sprintOneCm":1030121,"stat.craftItem.minecraft.stick":396,"stat.craftItem.minecraft.wooden_axe":7,"stat.useItem.carryon.tile_item":59,"stat.mineBlock.sky_orchards.leaves_petrified":665,"stat.craftItem.minecraft.stone":36,"stat.pickup.minecraft.grass":119,"stat.pickup.sky_orchards.leaves_gravel":26,"stat.drop.farmingforblockheads.market":1,"stat.pickup.inspirations.wooden_crook":1,"stat.mineBlock.minecraft.planks":76,"stat.drop":25,"stat.pickup.sky_orchards.leaves_silver":64,"stat.mineBlock.bonsaitrees.bonsaipot":26,"stat.craftItem.minecraft.diamond_pickaxe":3,"stat.pickup.minecraft.iron_block":1,"stat.killEntity.Zombie":1,"stat.craftItem.minecraft.dye":461,"stat.craftItem.minecraft.diamond_axe":3,"stat.diveOneCm":319,"stat.pickup.minecraft.wheat":197,"stat.useItem.inspirations.stone_crook":3367,"stat.pickup.sky_orchards.acorn_cottonwood":5,"stat.useItem.thermalfoundation.storage":1,"stat.mineBlock.sky_orchards.leaves_bone":218,"stat.useItem.minecraft.diamond_axe":2,"stat.pickup.minecraft.stone_axe":3,"stat.useItem.minecraft.apple":61,"stat.useItem.bonsaitrees.bonsaipot":15,"stat.pickup.sky_orchards.resin_clay":21,"stat.useItem.sky_orchards.leaves_bone":2,"stat.pickup.minecraft.brick":42,"stat.pickup.sky_orchards.leaves_iron":5,"stat.craftItem.minecraft.diamond_sword":1,"stat.jump":3398,"stat.craftItem.tconstruct.rack":36,"stat.pickup.minecraft.fence":153,"stat.craftItem.bonsaitrees.bonsaipot":28,"stat.useItem.minecraft.stone_axe":497,"stat.mineBlock.sky_orchards.log_sand":28,"stat.craftItem.minecraft.torch":60,"stat.pickup.minecraft.dirt":66,"stat.pickup.farmingforblockheads.market":1,"stat.pickup.sky_orchards.resin_bone":124,"stat.mineBlock.cyclicmagic.item_pump":3,"stat.useItem.minecraft.sapling":5,"stat.drop.inspirations.stone_crook":2,"stat.damageTaken":6046,"stat.mineBlock.minecraft.torch":11,"stat.pickup.minecraft.written_book":1,"stat.mineBlock.minecraft.red_flower":1,"stat.drop.sky_orchards.sapling_gravel":1,"stat.pickup.mysticalagriculture.crafting":1,"stat.craftItem.slabmachines.crafting_station_slab":6,"stat.mineBlock.minecraft.fence_gate":3,"stat.pickup.sky_orchards.sapling_clay":35,"stat.pickup.statues.blockplayerstatue":4,"stat.useItem.bdsandm.wood_crate":41,"stat.damageDealt":3300,"stat.sleepInBed":2,"stat.craftItem.minecraft.iron_sword":2,"stat.pickup.sky_orchards.acorn_bone":162,"stat.walkOneCm":805997,"stat.pickup.ceramics.clay_bucket":1,"stat.craftItem.sky_orchards.amber_petrified":3,"stat.animalsBred":2,"stat.playerKills":2,"stat.useItem.minecraft.chest":29,"stat.pickup.minecraft.stick":1646,"stat.pickup.sky_orchards.leaves_gold":5,"stat.pickup.sky_orchards.sapling_bone":46,"stat.craftItem.inspirations.wooden_crook":3,"stat.pickup.sky_orchards.acorn_clay":23,"stat.pickup.sky_orchards.leaves_sand":407,"stat.craftItem.morecauldrons.oak_cauldron":2,"stat.useItem.sky_orchards.leaves_clay":1,"stat.mineBlock.sky_orchards.log_gravel":5,"stat.craftItem.minecraft.diamond_boots":2,"stat.mineBlock.integrateddynamics.menril_sapling":1,"stat.craftItem.rustic.crushing_tub":3,"stat.pickup.sky_orchards.acorn_gravel":165,"stat.mineBlock.minecraft.wool":1,"stat.pickup.thermalfoundation.storage":2,"stat.drop.sky_orchards.sapling_coal":2,"stat.pickup.sky_orchards.sapling_gravel":11,"stat.craftItem.bdsandm.wood_crate":47,"stat.craftItem.morebuckets.diamond_bucket":2,"stat.entityKilledBy.rogue_android":1,"stat.pickup.cyclicmagic.item_pipe":2,"stat.killEntity.Spider":3,"stat.mineBlock.inspirations.mulch":7,"stat.mobKills":8,"stat.craftItem.minecraft.fence":231,"stat.craftItem.farmingforblockheads.market":4,"stat.mineBlock.minecraft.leaves":485,"stat.pickup.minecraft.beetroot_seeds":1,"stat.pickup.minecraft.torch":27,"stat.drop.minecraft.stone_axe":2,"stat.craftItem.minecraft.brick":34,"stat.mineBlock.sky_orchards.log_petrified":60}