{"stat.walkOneCm":69502,"stat.playerKills":6,"stat.pickup.minecraft.wooden_slab":10,"stat.mineBlock.sky_orchards.sapling_dirt":14,"stat.pickup.minecraft.wooden_axe":1,"stat.leaveGame":1,"stat.craftItem.minecraft.crafting_table":1,"stat.craftItem.inspirations.wooden_crook":8,"stat.pickup.sky_orchards.acorn_petrified":5,"stat.useItem.tconstruct.rack":8,"stat.pickup.sky_orchards.resin_dirt":116,"stat.useItem.inspirations.wooden_crook":851,"stat.useItem.xlfoodmod.coffee":1,"stat.useItem.tp.toasted_bread":1,"stat.pickup.minecraft.log":75,"stat.jump":131,"stat.drop.minecraft.skull":1,"stat.craftItem.tconstruct.rack":10,"stat.fallOneCm":602543,"stat.useItem.minecraft.planks":8,"stat.craftItem.sky_orchards.sapling_petrified":1,"stat.drop.minecraft.planks":6,"stat.crouchOneCm":25960,"stat.mineBlock.sky_orchards.log_dirt":94,"stat.drop.sky_orchards.acorn_dirt":7,"stat.craftItem.tconstruct.tooltables":1,"stat.pickup.sky_orchards.acorn_dirt":100,"stat.pickup.minecraft.dirt":2,"stat.useItem.minecraft.dirt":6,"stat.sprintOneCm":29729,"stat.useItem.minecraft.stone_slab2":18,"stat.craftItem.minecraft.stick":12,"stat.craftItem.minecraft.wooden_axe":4,"stat.drop.sky_orchards.sapling_dirt":4,"stat.useItem.carryon.tile_item":1,"stat.pickup.sky_orchards.sapling_dirt":122,"stat.mineBlock.sky_orchards.leaves_petrified":53,"stat.craftItem.minecraft.planks":117,"stat.damageTaken":2400,"stat.craftItem.minecraft.dirt":10,"stat.mineBlock.sky_orchards.leaves_dirt":801,"stat.mineBlock.minecraft.wooden_slab":11,"stat.pickup.minecraft.planks":20,"stat.flyOneCm":6245,"stat.deaths":7,"stat.drop":21,"stat.playOneMinute":36751,"stat.mineBlock.sky_orchards.sapling_petrified":1,"stat.craftItem.minecraft.wooden_slab":162,"stat.pickup.sky_orchards.resin_petrified":5,"stat.sneakTime":6056,"stat.pickup.statues.blockplayerstatue":3,"stat.useItem.sky_orchards.acorn_dirt":11,"stat.damageDealt":533,"stat.pickup.sky_orchards.sapling_petrified":9,"stat.timeSinceDeath":3510,"stat.useItem.minecraft.wooden_axe":82,"stat.mineBlock.minecraft.dirt":2,"stat.drop.statues.blockplayerstatue":2,"stat.useItem.minecraft.wooden_slab":82,"stat.useItem.sky_orchards.sapling_dirt":22,"stat.mineBlock.sky_orchards.log_petrified":4,"stat.drop.minecraft.stick":1}