{"stat.pickup.tconstruct.tooltables":1,"stat.walkOneCm":43359,"stat.useItem.carryon.tile_item":2,"stat.pickup.minecraft.wooden_slab":1,"stat.pickup.sky_orchards.sapling_dirt":49,"stat.pickup.minecraft.stick":2,"stat.useItem.slabmachines.crafting_station_slab":1,"stat.craftItem.minecraft.planks":28,"stat.mineBlock.tconstruct.tooltables":1,"stat.damageTaken":611,"stat.craftItem.minecraft.dirt":2,"stat.craftItem.inspirations.wooden_crook":7,"stat.mineBlock.sky_orchards.leaves_dirt":256,"stat.pickup.sky_orchards.resin_dirt":76,"stat.mineBlock.minecraft.wooden_slab":1,"stat.useItem.inspirations.wooden_crook":256,"stat.pickup.minecraft.planks":15,"stat.pickup.minecraft.log":66,"stat.flyOneCm":240,"stat.deaths":1,"stat.craftItem.slabmachines.crafting_station_slab":2,"stat.drop":2,"stat.jump":25,"stat.craftItem.tconstruct.rack":3,"stat.playOneMinute":26795,"stat.fallOneCm":133743,"stat.useItem.minecraft.planks":2,"stat.pickup.minecraft.torch":1,"stat.mineBlock.sky_orchards.sapling_petrified":3,"stat.craftItem.rustic.crushing_tub":2,"stat.craftItem.minecraft.wooden_slab":54,"stat.sneakTime":4772,"stat.damageDealt":30,"stat.crouchOneCm":29594,"stat.mineBlock.sky_orchards.log_dirt":35,"stat.timeSinceDeath":21445,"stat.drop.minecraft.torch":1,"stat.pickup.sky_orchards.acorn_dirt":25,"stat.sprintOneCm":75,"stat.useItem.minecraft.stone_slab2":7,"stat.useItem.minecraft.wooden_slab":9,"stat.useItem.sky_orchards.sapling_dirt":14,"stat.craftItem.minecraft.stick":32,"stat.drop.minecraft.stick":1}