{"stat.walkOneCm":8232,"stat.playerKills":2,"stat.leaveGame":6,"stat.pickup.advancementbook.advancement_book":1,"stat.useItem.statues.blockplayerstatue":4,"stat.pickup.sky_orchards.resin_dirt":2,"stat.pickup.minecraft.log":2,"stat.jump":61,"stat.fallOneCm":301798,"stat.crouchOneCm":2922,"stat.mineBlock.sky_orchards.log_dirt":1,"stat.pickup.sky_orchards.acorn_dirt":7,"stat.useItem.minecraft.stone_slab2":3,"stat.pickup.minecraft.skull":1,"stat.pickup.sky_orchards.sapling_dirt":11,"stat.damageTaken":2056,"stat.mineBlock.sky_orchards.leaves_dirt":1,"stat.flyOneCm":2621,"stat.deaths":8,"stat.drop":1,"stat.playOneMinute":24501,"stat.sneakTime":1423,"stat.pickup.statues.blockplayerstatue":4,"stat.damageDealt":265,"stat.timeSinceDeath":14611,"stat.drop.advancementbook.advancement_book":1,"stat.useItem.sky_orchards.sapling_dirt":1}