{"stat.mineBlock.sky_orchards.log_coal":6,"stat.craftItem.sky_orchards.sapling_cottonwood":2,"stat.pickup.minecraft.wooden_slab":345,"stat.drop.sky_orchards.resin_dirt":1,"stat.drop.pickletweaks.coal_piece":2,"stat.useItem.minecraft.iron_axe":28,"stat.leaveGame":11,"stat.mineBlock.sky_orchards.leaves_gravel":55,"stat.pickup.minecraft.flint":9,"stat.craftItem.minecraft.iron_axe":1,"stat.pickup.bdsandm.wood_crate":17,"stat.pickup.sky_orchards.resin_dirt":273,"stat.pickup.pickletweaks.coal_piece":6,"stat.craftItem.sky_orchards.amber_iron":64,"stat.swimOneCm":2810,"stat.useItem.minecraft.planks":51,"stat.mineBlock.morecauldrons.oak_cauldron":1,"stat.mineBlock.sky_orchards.log_dirt":197,"stat.craftItem.inspirations.stone_crook":12,"stat.useItem.minecraft.dirt":183,"stat.useItem.minecraft.stone_slab2":88,"stat.pickup.sky_orchards.resin_cottonwood":8,"stat.useItem.minecraft.water_bucket":20,"stat.pickup.minecraft.rotten_flesh":2,"stat.craftItem.minecraft.furnace":1,"stat.pickup.sky_orchards.sapling_dirt":415,"stat.craftItem.minecraft.stone_axe":11,"stat.mineBlock.sky_orchards.leaves_dirt":1930,"stat.pickup.minecraft.cobblestone":73,"stat.mineBlock.minecraft.wooden_slab":64,"stat.flyOneCm":319707,"stat.craftItem.minecraft.iron_shovel":2,"stat.mineBlock.sky_orchards.leaves_coal":106,"stat.pickup.inspirations.mulch":19,"stat.pickup.sky_orchards.resin_coal":244,"stat.craftItem.minecraft.wooden_slab":1272,"stat.pickup.sky_orchards.resin_petrified":89,"stat.pickup.sky_orchards.sapling_petrified":199,"stat.timeSinceDeath":219708,"stat.mineBlock.sky_orchards.leaves_cottonwood":56,"stat.useItem.minecraft.fence_gate":17,"stat.useItem.minecraft.wooden_slab":866,"stat.pickup.sky_orchards.amber_petrified":3,"stat.useItem.minecraft.iron_shovel":2,"stat.craftItem.minecraft.hardened_clay":6,"stat.pickup.minecraft.wooden_axe":1,"stat.furnaceInteraction":67,"stat.useItem.statues.blockplayerstatue":4,"stat.useItem.tconstruct.rack":18,"stat.drop.sky_orchards.sapling_cottonwood":1,"stat.useItem.tp.toasted_bread":1,"stat.useItem.sky_orchards.acorn_coal":29,"stat.pickup.minecraft.string":1,"stat.craftItem.sky_orchards.acorn_dirt":4,"stat.pickup.minecraft.fence_gate":7,"stat.drop.sky_orchards.acorn_coal":1,"stat.pickup.sky_orchards.acorn_coal":81,"stat.useItem.tconstruct.edible":2,"stat.mineBlock.sky_orchards.leaves_clay":187,"stat.craftItem.minecraft.stone_slab2":0,"stat.pickup.sky_orchards.sapling_cottonwood":8,"stat.useItem.sky_orchards.sapling_petrified":40,"stat.craftItem.tconstruct.tooltables":1,"stat.pickup.sky_orchards.acorn_dirt":178,"stat.sprintOneCm":714390,"stat.pickup.sky_orchards.sapling_coal":31,"stat.useItem.minecraft.fence":45,"stat.pickup.minecraft.skull":1,"stat.craftItem.minecraft.stick":396,"stat.craftItem.minecraft.wooden_axe":7,"stat.useItem.carryon.tile_item":59,"stat.mineBlock.sky_orchards.leaves_petrified":665,"stat.mineBlock.minecraft.fence":15,"stat.craftItem.minecraft.fence_gate":20,"stat.pickup.minecraft.grass":119,"stat.useItem.sky_orchards.leaves_coal":1,"stat.pickup.sky_orchards.leaves_gravel":26,"stat.pickup.inspirations.wooden_crook":1,"stat.pickup.sky_orchards.leaves_coal":175,"stat.deaths":9,"stat.mineBlock.minecraft.planks":30,"stat.drop":21,"stat.playOneMinute":296362,"stat.useItem.sky_orchards.acorn_dirt":8,"stat.mineBlock.bonsaitrees.bonsaipot":14,"stat.killEntity.Zombie":1,"stat.drop.minecraft.torch":8,"stat.diveOneCm":319,"stat.chestOpened":331,"stat.useItem.inspirations.stone_crook":3057,"stat.pickup.inspirations.stone_crook":3,"stat.pickup.sky_orchards.acorn_cottonwood":5,"stat.useItem.sky_orchards.acorn_petrified":54,"stat.useItem.slabmachines.crafting_station_slab":1,"stat.mineBlock.sky_orchards.leaves_bone":60,"stat.pickup.minecraft.stone_axe":3,"stat.pickup.sky_orchards.acorn_petrified":116,"stat.useItem.minecraft.apple":11,"stat.useItem.bonsaitrees.bonsaipot":8,"stat.useItem.inspirations.wooden_crook":340,"stat.pickup.sky_orchards.resin_sand":41,"stat.craftItem.minecraft.coal":9,"stat.pickup.sky_orchards.resin_clay":21,"stat.useItem.sky_orchards.leaves_bone":2,"stat.pickup.minecraft.brick":42,"stat.craftItem.minecraft.iron_nugget":9,"stat.jump":1774,"stat.craftItem.tconstruct.rack":21,"stat.pickup.minecraft.fence":153,"stat.fallOneCm":403071,"stat.craftItem.inspirations.mulch":24,"stat.pickup.sky_orchards.leaves_bone":229,"stat.craftItem.bonsaitrees.bonsaipot":28,"stat.useItem.minecraft.stone_axe":497,"stat.crouchOneCm":110310,"stat.mineBlock.minecraft.chest":14,"stat.mineBlock.sky_orchards.log_sand":28,"stat.craftItem.minecraft.chest":97,"stat.craftItem.minecraft.torch":36,"stat.craftItem.minecraft.iron_ingot":109,"stat.pickup.rustic.grape_stem":16,"stat.useItem.inspirations.mulch":5,"stat.pickup.minecraft.dirt":63,"stat.pickup.bonsaitrees.bonsaipot":14,"stat.craftItem.minecraft.hopper":21,"stat.craftingTableInteraction":6,"stat.mineBlock.sky_orchards.leaves_sand":165,"stat.pickup.sky_orchards.resin_bone":99,"stat.pickup.sky_orchards.sapling_sand":22,"stat.useItem.minecraft.sapling":5,"stat.drop.inspirations.stone_crook":1,"stat.damageTaken":2872,"stat.mineBlock.bdsandm.wood_crate":10,"stat.mineBlock.minecraft.torch":8,"stat.drop.sky_orchards.sapling_gravel":1,"stat.pickup.minecraft.dye":29,"stat.pickup.minecraft.planks":294,"stat.craftItem.slabmachines.crafting_station_slab":2,"stat.mineBlock.minecraft.fence_gate":3,"stat.mineBlock.sky_orchards.sapling_petrified":6,"stat.pickup.sky_orchards.sapling_clay":34,"stat.pickup.statues.blockplayerstatue":4,"stat.useItem.bdsandm.wood_crate":37,"stat.damageDealt":716,"stat.mineBlock.sky_orchards.log_bone":5,"stat.useItem.sky_orchards.leaves_petrified":1,"stat.sleepInBed":1,"stat.mineBlock.minecraft.dirt":24,"stat.drop.advancementbook.advancement_book":1,"stat.pickup.sky_orchards.acorn_bone":142,"stat.walkOneCm":491077,"stat.pickup.ceramics.clay_bucket":1,"stat.craftItem.sky_orchards.amber_petrified":3,"stat.useItem.minecraft.torch":30,"stat.playerKills":2,"stat.useItem.minecraft.chest":25,"stat.mineBlock.sky_orchards.sapling_dirt":5,"stat.pickup.sky_orchards.leaves_clay":128,"stat.pickup.minecraft.stick":924,"stat.pickup.advancementbook.advancement_book":1,"stat.pickup.sky_orchards.sapling_bone":13,"stat.craftItem.inspirations.wooden_crook":3,"stat.craftItem.minecraft.crafting_table":1,"stat.pickup.sky_orchards.acorn_clay":23,"stat.craftItem.bdsandm.metal_crate":2,"stat.craftItem.morecauldrons.oak_cauldron":2,"stat.useItem.sky_orchards.leaves_clay":1,"stat.pickup.minecraft.log":1730,"stat.mineBlock.sky_orchards.log_gravel":5,"stat.pickup.sky_orchards.resin_gravel":58,"stat.craftItem.rustic.crushing_tub":3,"stat.pickup.sky_orchards.acorn_gravel":165,"stat.pickup.sky_orchards.acorn_sand":18,"stat.pickup.minecraft.hopper":5,"stat.drop.sky_orchards.sapling_coal":2,"stat.pickup.minecraft.sapling":37,"stat.pickup.sky_orchards.sapling_gravel":11,"stat.craftItem.minecraft.bucket":3,"stat.craftItem.bdsandm.wood_crate":47,"stat.craftItem.minecraft.planks":2724,"stat.craftItem.minecraft.dirt":129,"stat.pickup.morecauldrons.oak_cauldron":1,"stat.craftItem.sky_orchards.acorn_petrified":32,"stat.mineBlock.inspirations.mulch":5,"stat.mobKills":1,"stat.mineBlock.minecraft.log":107,"stat.craftItem.minecraft.fence":231,"stat.mineBlock.sky_orchards.log_clay":18,"stat.mineBlock.minecraft.leaves":334,"stat.pickup.minecraft.torch":24,"stat.sneakTime":31080,"stat.mineBlock.sky_orchards.log_cottonwood":6,"stat.drop.minecraft.stone_axe":2,"stat.useItem.minecraft.wooden_axe":75,"stat.craftItem.minecraft.brick":34,"stat.craftItem.minecraft.cobblestone":110,"stat.useItem.sky_orchards.sapling_dirt":56,"stat.mineBlock.sky_orchards.log_petrified":60,"stat.drop.minecraft.wooden_axe":1,"stat.pickup.minecraft.chest":15}