{"stat.chestOpened":53,"stat.useItem.inspirations.stone_crook":3001,"stat.useItem.sky_orchards.acorn_petrified":8,"stat.pickup.minecraft.wooden_slab":10,"stat.craftItem.ceramics.unfired_clay":1,"stat.leaveGame":1,"stat.mineBlock.sky_orchards.leaves_gravel":290,"stat.pickup.minecraft.flint":11,"stat.pickup.sky_orchards.acorn_petrified":275,"stat.pickup.sky_orchards.resin_dirt":203,"stat.useItem.inspirations.wooden_crook":1125,"stat.pickup.sky_orchards.resin_clay":39,"stat.jump":287,"stat.drop.minecraft.skull":1,"stat.useItem.sky_orchards.sapling_gravel":11,"stat.craftItem.tconstruct.rack":10,"stat.pickup.rustic.crushing_tub":1,"stat.fallOneCm":637167,"stat.useItem.minecraft.planks":8,"stat.craftItem.sky_orchards.sapling_petrified":1,"stat.useItem.minecraft.stone_axe":443,"stat.crouchOneCm":29014,"stat.mineBlock.sky_orchards.log_dirt":137,"stat.craftItem.inspirations.stone_crook":15,"stat.craftItem.minecraft.chest":5,"stat.pickup.minecraft.dirt":2,"stat.useItem.minecraft.dirt":6,"stat.useItem.minecraft.stone_slab2":34,"stat.craftItem.minecraft.furnace":2,"stat.craftItem.sky_orchards.sapling_gravel":3,"stat.pickup.sky_orchards.sapling_dirt":253,"stat.craftItem.minecraft.stone_axe":8,"stat.craftItem.sky_orchards.sapling_bone":1,"stat.damageTaken":2650,"stat.mineBlock.sky_orchards.leaves_dirt":1241,"stat.mineBlock.minecraft.wooden_slab":11,"stat.pickup.minecraft.dye":9,"stat.pickup.minecraft.planks":20,"stat.flyOneCm":21297,"stat.mineBlock.sky_orchards.sapling_petrified":20,"stat.craftItem.minecraft.wooden_slab":162,"stat.pickup.sky_orchards.resin_petrified":440,"stat.pickup.sky_orchards.sapling_clay":32,"stat.pickup.statues.blockplayerstatue":3,"stat.damageDealt":533,"stat.pickup.sky_orchards.sapling_petrified":440,"stat.useItem.sky_orchards.acorn_gravel":8,"stat.timeSinceDeath":12608,"stat.mineBlock.minecraft.dirt":2,"stat.useItem.minecraft.wooden_slab":89,"stat.craftItem.minecraft.gravel":5,"stat.drop.minecraft.stick":1,"stat.walkOneCm":189040,"stat.playerKills":6,"stat.useItem.minecraft.chest":2,"stat.mineBlock.sky_orchards.sapling_dirt":30,"stat.pickup.minecraft.wooden_axe":1,"stat.drop.ceramics.clay_bucket":1,"stat.furnaceInteraction":40,"stat.craftItem.inspirations.wooden_crook":10,"stat.craftItem.minecraft.crafting_table":1,"stat.pickup.sky_orchards.acorn_clay":26,"stat.useItem.tconstruct.rack":8,"stat.useItem.sky_orchards.sapling_clay":7,"stat.craftItem.ceramics.clay_bucket":1,"stat.craftItem.morecauldrons.oak_cauldron":2,"stat.mineBlock.sky_orchards.sapling_clay":4,"stat.useItem.xlfoodmod.coffee":1,"stat.useItem.tp.toasted_bread":1,"stat.pickup.minecraft.log":460,"stat.craftItem.sky_orchards.acorn_dirt":34,"stat.mineBlock.sky_orchards.log_gravel":36,"stat.pickup.sky_orchards.resin_gravel":55,"stat.pickup.sky_orchards.acorn_gravel":52,"stat.mineBlock.sky_orchards.leaves_clay":247,"stat.craftItem.minecraft.stone_slab2":0,"stat.drop.minecraft.planks":6,"stat.craftItem.sky_orchards.acorn_gravel":10,"stat.craftItem.tconstruct.stone_stick":16,"stat.useItem.sky_orchards.sapling_petrified":80,"stat.drop.sky_orchards.acorn_dirt":10,"stat.craftItem.tconstruct.tooltables":1,"stat.pickup.sky_orchards.acorn_dirt":154,"stat.sprintOneCm":155681,"stat.pickup.sky_orchards.sapling_gravel":39,"stat.craftItem.minecraft.stick":12,"stat.craftItem.minecraft.wooden_axe":4,"stat.drop.sky_orchards.sapling_dirt":4,"stat.useItem.carryon.tile_item":1,"stat.mineBlock.sky_orchards.sapling_gravel":6,"stat.mineBlock.sky_orchards.leaves_petrified":2425,"stat.useItem.sky_orchards.acorn_clay":8,"stat.craftItem.minecraft.planks":129,"stat.craftItem.minecraft.dirt":20,"stat.craftItem.sky_orchards.acorn_petrified":1,"stat.craftItem.sky_orchards.acorn_clay":10,"stat.craftItem.minecraft.clay_ball":16,"stat.mineBlock.sky_orchards.log_clay":26,"stat.deaths":8,"stat.drop":26,"stat.mineBlock.rustic.crushing_tub":1,"stat.playOneMinute":72751,"stat.craftItem.sky_orchards.sapling_clay":2,"stat.sneakTime":6649,"stat.useItem.sky_orchards.acorn_dirt":30,"stat.useItem.minecraft.wooden_axe":110,"stat.drop.statues.blockplayerstatue":2,"stat.craftItem.minecraft.clay":4,"stat.craftItem.minecraft.cobblestone":43,"stat.useItem.sky_orchards.sapling_dirt":44,"stat.mineBlock.sky_orchards.log_petrified":284,"stat.drop.minecraft.wooden_axe":1}