{"stat.chestOpened":6,"stat.pickup.tconstruct.tooltables":1,"stat.walkOneCm":160552,"stat.pickup.minecraft.wooden_slab":36,"stat.mineBlock.sky_orchards.sapling_dirt":13,"stat.useItem.slabmachines.crafting_station_slab":1,"stat.pickup.minecraft.stick":2,"stat.craftItem.inspirations.wooden_crook":7,"stat.furnaceInteraction":6,"stat.pickup.sky_orchards.acorn_petrified":3,"stat.pickup.sky_orchards.resin_dirt":494,"stat.useItem.inspirations.wooden_crook":470,"stat.useItem.tp.toasted_bread":1,"stat.pickup.minecraft.log":351,"stat.craftItem.sky_orchards.acorn_dirt":9,"stat.jump":114,"stat.swimOneCm":228,"stat.craftItem.tconstruct.rack":3,"stat.fallOneCm":234400,"stat.useItem.minecraft.planks":3,"stat.craftItem.rustic.crushing_tub":2,"stat.pickup.sky_orchards.acorn_gravel":5,"stat.craftItem.minecraft.stone_slab2":0,"stat.crouchOneCm":76066,"stat.mineBlock.sky_orchards.log_dirt":315,"stat.mineBlock.slabmachines.crafting_station_slab":2,"stat.useItem.sky_orchards.sapling_petrified":6,"stat.pickup.slabmachines.crafting_station_slab":2,"stat.pickup.sky_orchards.acorn_dirt":164,"stat.useItem.minecraft.dirt":52,"stat.pickup.minecraft.dirt":18,"stat.sprintOneCm":31806,"stat.useItem.minecraft.stone_slab2":26,"stat.craftItem.minecraft.stick":32,"stat.useItem.carryon.tile_item":5,"stat.pickup.sky_orchards.sapling_dirt":154,"stat.mineBlock.sky_orchards.leaves_petrified":56,"stat.craftItem.minecraft.planks":288,"stat.mineBlock.tconstruct.tooltables":1,"stat.damageTaken":991,"stat.craftItem.minecraft.dirt":52,"stat.mineBlock.minecraft.torch":1,"stat.mineBlock.sky_orchards.leaves_dirt":1565,"stat.mineBlock.minecraft.wooden_slab":41,"stat.pickup.minecraft.planks":16,"stat.flyOneCm":5431,"stat.deaths":2,"stat.craftItem.slabmachines.crafting_station_slab":2,"stat.mineBlock.minecraft.planks":1,"stat.drop":2,"stat.playOneMinute":62795,"stat.pickup.minecraft.torch":2,"stat.mineBlock.sky_orchards.sapling_petrified":3,"stat.craftItem.minecraft.wooden_slab":468,"stat.pickup.sky_orchards.resin_petrified":7,"stat.sneakTime":14759,"stat.useItem.sky_orchards.acorn_dirt":12,"stat.damageDealt":30,"stat.pickup.sky_orchards.sapling_petrified":7,"stat.timeSinceDeath":13033,"stat.drop.minecraft.torch":1,"stat.mineBlock.minecraft.dirt":18,"stat.useItem.minecraft.wooden_slab":439,"stat.useItem.sky_orchards.sapling_dirt":104,"stat.mineBlock.sky_orchards.log_petrified":5,"stat.drop.minecraft.stick":1}