{"stat.chestOpened":22,"stat.useItem.inspirations.stone_crook":200,"stat.pickup.inspirations.stone_crook":1,"stat.walkOneCm":30378,"stat.pickup.ceramics.clay_bucket":1,"stat.playerKills":2,"stat.pickup.minecraft.wooden_slab":5,"stat.leaveGame":9,"stat.pickup.advancementbook.advancement_book":1,"stat.craftItem.inspirations.wooden_crook":3,"stat.furnaceInteraction":8,"stat.pickup.sky_orchards.acorn_clay":3,"stat.pickup.sky_orchards.acorn_petrified":7,"stat.useItem.statues.blockplayerstatue":4,"stat.pickup.sky_orchards.resin_dirt":38,"stat.useItem.inspirations.wooden_crook":118,"stat.useItem.tp.toasted_bread":1,"stat.pickup.minecraft.log":29,"stat.craftItem.sky_orchards.acorn_dirt":4,"stat.jump":142,"stat.swimOneCm":1021,"stat.fallOneCm":303026,"stat.craftItem.rustic.crushing_tub":2,"stat.craftItem.minecraft.stone_slab2":0,"stat.crouchOneCm":8893,"stat.mineBlock.sky_orchards.log_dirt":28,"stat.pickup.sky_orchards.acorn_dirt":42,"stat.sprintOneCm":34874,"stat.useItem.minecraft.stone_slab2":4,"stat.pickup.minecraft.skull":1,"stat.craftItem.minecraft.stick":40,"stat.craftItem.minecraft.wooden_axe":4,"stat.pickup.sky_orchards.sapling_dirt":163,"stat.craftItem.minecraft.planks":92,"stat.damageTaken":2126,"stat.pickup.inspirations.wooden_crook":1,"stat.mineBlock.sky_orchards.leaves_dirt":474,"stat.mineBlock.minecraft.wooden_slab":21,"stat.pickup.minecraft.dye":1,"stat.flyOneCm":9216,"stat.deaths":8,"stat.drop":1,"stat.playOneMinute":42195,"stat.craftItem.minecraft.wooden_slab":54,"stat.pickup.sky_orchards.sapling_clay":5,"stat.sneakTime":3524,"stat.pickup.statues.blockplayerstatue":4,"stat.useItem.sky_orchards.acorn_dirt":4,"stat.damageDealt":265,"stat.pickup.sky_orchards.sapling_petrified":33,"stat.timeSinceDeath":32305,"stat.useItem.minecraft.wooden_axe":48,"stat.useItem.minecraft.wooden_slab":33,"stat.drop.advancementbook.advancement_book":1,"stat.useItem.sky_orchards.sapling_dirt":1}