{"stat.chestOpened":96,"stat.useItem.inspirations.stone_crook":4182,"stat.mineBlock.sky_orchards.log_coal":62,"stat.useItem.sky_orchards.acorn_petrified":12,"stat.craftItem.sky_orchards.sapling_sand":1,"stat.pickup.minecraft.wooden_slab":11,"stat.craftItem.ceramics.unfired_clay":1,"stat.leaveGame":1,"stat.mineBlock.sky_orchards.leaves_gravel":743,"stat.pickup.minecraft.flint":33,"stat.pickup.sky_orchards.acorn_petrified":322,"stat.pickup.bdsandm.wood_crate":1,"stat.pickup.sky_orchards.resin_dirt":203,"stat.useItem.inspirations.wooden_crook":1879,"stat.pickup.pickletweaks.coal_piece":30,"stat.pickup.sky_orchards.resin_sand":2,"stat.craftItem.sky_orchards.sapling_coal":3,"stat.craftItem.minecraft.coal":4,"stat.pickup.sky_orchards.resin_clay":80,"stat.craftItem.sky_orchards.amber_iron":12,"stat.jump":345,"stat.drop.minecraft.skull":1,"stat.useItem.sky_orchards.sapling_gravel":32,"stat.swimOneCm":496,"stat.craftItem.tconstruct.rack":10,"stat.pickup.rustic.crushing_tub":1,"stat.fallOneCm":671428,"stat.useItem.minecraft.planks":8,"stat.craftItem.sky_orchards.sapling_petrified":1,"stat.craftItem.inspirations.mulch":2,"stat.craftItem.bonsaitrees.bonsaipot":6,"stat.useItem.minecraft.stone_axe":873,"stat.crouchOneCm":33128,"stat.mineBlock.sky_orchards.log_dirt":137,"stat.craftItem.inspirations.stone_crook":19,"stat.craftItem.minecraft.chest":37,"stat.craftItem.minecraft.iron_ingot":12,"stat.pickup.rustic.grape_stem":10,"stat.pickup.minecraft.dirt":11,"stat.useItem.minecraft.dirt":6,"stat.useItem.minecraft.stone_slab2":51,"stat.pickup.bonsaitrees.bonsaipot":1,"stat.craftItem.minecraft.hopper":3,"stat.craftItem.minecraft.furnace":2,"stat.mineBlock.sky_orchards.leaves_sand":144,"stat.useItem.minecraft.sapling":9,"stat.pickup.sky_orchards.sapling_sand":20,"stat.craftItem.sky_orchards.sapling_gravel":3,"stat.pickup.sky_orchards.sapling_dirt":255,"stat.craftItem.minecraft.stone_axe":13,"stat.craftItem.sky_orchards.sapling_bone":1,"stat.damageTaken":2910,"stat.mineBlock.bdsandm.wood_crate":1,"stat.mineBlock.sky_orchards.leaves_dirt":1241,"stat.mineBlock.minecraft.sapling":5,"stat.pickup.minecraft.cobblestone":2,"stat.mineBlock.minecraft.wooden_slab":12,"stat.pickup.minecraft.dye":10,"stat.pickup.minecraft.planks":20,"stat.flyOneCm":27391,"stat.mineBlock.sky_orchards.leaves_coal":649,"stat.mineBlock.sky_orchards.sapling_petrified":41,"stat.pickup.sky_orchards.resin_coal":91,"stat.craftItem.minecraft.wooden_slab":300,"stat.pickup.sky_orchards.resin_petrified":574,"stat.pickup.sky_orchards.sapling_clay":67,"stat.pickup.statues.blockplayerstatue":3,"stat.useItem.bdsandm.wood_crate":18,"stat.damageDealt":533,"stat.pickup.sky_orchards.sapling_petrified":522,"stat.useItem.sky_orchards.acorn_gravel":21,"stat.timeSinceDeath":25205,"stat.mineBlock.minecraft.dirt":4,"stat.useItem.minecraft.wooden_slab":108,"stat.craftItem.minecraft.gravel":5,"stat.drop.minecraft.stick":1,"stat.mineBlock.sky_orchards.sapling_sand":2,"stat.walkOneCm":293552,"stat.playerKills":6,"stat.useItem.minecraft.chest":4,"stat.mineBlock.sky_orchards.sapling_dirt":30,"stat.pickup.minecraft.wooden_axe":1,"stat.mineBlock.minecraft.vine":54,"stat.drop.ceramics.clay_bucket":1,"stat.furnaceInteraction":84,"stat.craftItem.inspirations.wooden_crook":18,"stat.craftItem.minecraft.crafting_table":1,"stat.pickup.sky_orchards.acorn_clay":40,"stat.useItem.tconstruct.rack":8,"stat.useItem.sky_orchards.sapling_clay":22,"stat.craftItem.ceramics.clay_bucket":1,"stat.craftItem.morecauldrons.oak_cauldron":2,"stat.mineBlock.sky_orchards.sapling_clay":12,"stat.useItem.xlfoodmod.coffee":1,"stat.useItem.tp.toasted_bread":1,"stat.pickup.minecraft.log":846,"stat.craftItem.sky_orchards.acorn_dirt":34,"stat.mineBlock.sky_orchards.log_gravel":94,"stat.pickup.sky_orchards.resin_gravel":145,"stat.pickup.sky_orchards.acorn_coal":78,"stat.pickup.sky_orchards.acorn_gravel":98,"stat.mineBlock.sky_orchards.leaves_clay":371,"stat.craftItem.minecraft.stone_slab2":0,"stat.drop.minecraft.planks":6,"stat.craftItem.sky_orchards.acorn_gravel":30,"stat.pickup.sky_orchards.acorn_sand":21,"stat.craftItem.tconstruct.stone_stick":16,"stat.useItem.sky_orchards.sapling_petrified":94,"stat.drop.sky_orchards.acorn_dirt":10,"stat.craftItem.tconstruct.tooltables":1,"stat.pickup.minecraft.sapling":21,"stat.pickup.sky_orchards.acorn_dirt":154,"stat.sprintOneCm":252939,"stat.pickup.sky_orchards.sapling_gravel":122,"stat.pickup.sky_orchards.sapling_coal":89,"stat.craftItem.minecraft.stick":28,"stat.craftItem.minecraft.wooden_axe":4,"stat.drop.sky_orchards.sapling_dirt":6,"stat.useItem.carryon.tile_item":1,"stat.mineBlock.sky_orchards.sapling_gravel":16,"stat.mineBlock.sky_orchards.leaves_petrified":2880,"stat.useItem.sky_orchards.acorn_clay":16,"stat.craftItem.bdsandm.wood_crate":21,"stat.craftItem.minecraft.planks":361,"stat.craftItem.minecraft.dirt":21,"stat.craftItem.sky_orchards.acorn_petrified":24,"stat.craftItem.sky_orchards.acorn_clay":30,"stat.craftItem.minecraft.clay_ball":36,"stat.mineBlock.minecraft.log":147,"stat.mineBlock.sky_orchards.log_clay":49,"stat.deaths":9,"stat.drop":28,"stat.mineBlock.minecraft.leaves":150,"stat.mineBlock.rustic.crushing_tub":1,"stat.playOneMinute":108751,"stat.craftItem.sky_orchards.sapling_clay":2,"stat.useItem.sky_orchards.sapling_coal":13,"stat.sneakTime":7869,"stat.useItem.sky_orchards.acorn_dirt":36,"stat.mineBlock.bonsaitrees.bonsaipot":1,"stat.useItem.minecraft.wooden_axe":110,"stat.craftItem.minecraft.brick":13,"stat.drop.statues.blockplayerstatue":2,"stat.craftItem.minecraft.clay":9,"stat.craftItem.minecraft.cobblestone":56,"stat.useItem.sky_orchards.sapling_dirt":44,"stat.mineBlock.sky_orchards.log_petrified":369,"stat.drop.minecraft.wooden_axe":1,"stat.useItem.sky_orchards.sapling_sand":5}