{"stat.chestOpened":6,"stat.pickup.tconstruct.tooltables":1,"stat.walkOneCm":301288,"stat.pickup.minecraft.wooden_slab":41,"stat.mineBlock.sky_orchards.sapling_dirt":44,"stat.useItem.slabmachines.crafting_station_slab":1,"stat.pickup.minecraft.stick":2,"stat.craftItem.inspirations.wooden_crook":7,"stat.furnaceInteraction":23,"stat.drop.rustic.grape_stem":1,"stat.pickup.sky_orchards.acorn_clay":9,"stat.pickup.sky_orchards.acorn_petrified":89,"stat.pickup.bdsandm.wood_crate":5,"stat.pickup.sky_orchards.resin_dirt":703,"stat.useItem.inspirations.wooden_crook":470,"stat.useItem.tp.toasted_bread":1,"stat.pickup.minecraft.log":667,"stat.craftItem.sky_orchards.acorn_dirt":9,"stat.jump":269,"stat.swimOneCm":2059,"stat.craftItem.tconstruct.rack":3,"stat.fallOneCm":235921,"stat.useItem.minecraft.planks":3,"stat.craftItem.rustic.crushing_tub":2,"stat.pickup.sky_orchards.acorn_gravel":14,"stat.useItem.slabmachines.furnace_slab":3,"stat.craftItem.minecraft.stone_slab2":0,"stat.crouchOneCm":97446,"stat.mineBlock.sky_orchards.log_dirt":445,"stat.mineBlock.slabmachines.crafting_station_slab":2,"stat.useItem.sky_orchards.sapling_petrified":69,"stat.pickup.slabmachines.crafting_station_slab":2,"stat.craftItem.minecraft.chest":64,"stat.pickup.rustic.grape_stem":1,"stat.pickup.sky_orchards.acorn_dirt":235,"stat.useItem.minecraft.dirt":59,"stat.pickup.minecraft.dirt":18,"stat.sprintOneCm":62265,"stat.useItem.minecraft.stone_slab2":34,"stat.craftItem.minecraft.stick":32,"stat.craftItem.minecraft.furnace":2,"stat.useItem.carryon.tile_item":5,"stat.pickup.sky_orchards.sapling_dirt":219,"stat.mineBlock.sky_orchards.leaves_petrified":838,"stat.craftItem.bdsandm.wood_crate":64,"stat.useItem.sky_orchards.acorn_clay":6,"stat.craftItem.minecraft.planks":1356,"stat.mineBlock.tconstruct.tooltables":1,"stat.damageTaken":1001,"stat.craftItem.minecraft.dirt":61,"stat.mineBlock.bdsandm.wood_crate":6,"stat.mineBlock.minecraft.torch":1,"stat.mineBlock.sky_orchards.leaves_dirt":2188,"stat.mineBlock.minecraft.wooden_slab":47,"stat.pickup.minecraft.planks":16,"stat.flyOneCm":18571,"stat.deaths":2,"stat.craftItem.slabmachines.crafting_station_slab":2,"stat.mineBlock.minecraft.planks":1,"stat.drop":3,"stat.craftItem.slabmachines.furnace_slab":4,"stat.playOneMinute":98795,"stat.pickup.minecraft.torch":2,"stat.mineBlock.sky_orchards.sapling_petrified":3,"stat.craftItem.minecraft.wooden_slab":852,"stat.pickup.sky_orchards.resin_petrified":278,"stat.sneakTime":18793,"stat.useItem.sky_orchards.acorn_dirt":18,"stat.useItem.bdsandm.wood_crate":23,"stat.damageDealt":30,"stat.pickup.sky_orchards.sapling_petrified":47,"stat.useItem.sky_orchards.acorn_gravel":9,"stat.timeSinceDeath":49033,"stat.drop.minecraft.torch":1,"stat.mineBlock.minecraft.dirt":18,"stat.useItem.minecraft.wooden_slab":646,"stat.craftItem.minecraft.cobblestone":32,"stat.useItem.sky_orchards.sapling_dirt":168,"stat.mineBlock.sky_orchards.log_petrified":191,"stat.drop.minecraft.stick":1}