{"stat.chestOpened":64,"stat.useItem.inspirations.stone_crook":839,"stat.pickup.inspirations.stone_crook":1,"stat.walkOneCm":107530,"stat.pickup.ceramics.clay_bucket":1,"stat.useItem.sky_orchards.acorn_petrified":14,"stat.playerKills":2,"stat.pickup.minecraft.wooden_slab":6,"stat.drop.sky_orchards.resin_dirt":1,"stat.pickup.minecraft.wooden_axe":1,"stat.leaveGame":9,"stat.pickup.advancementbook.advancement_book":1,"stat.craftItem.inspirations.wooden_crook":3,"stat.furnaceInteraction":25,"stat.pickup.minecraft.flint":1,"stat.pickup.sky_orchards.acorn_clay":20,"stat.pickup.sky_orchards.acorn_petrified":54,"stat.useItem.statues.blockplayerstatue":4,"stat.pickup.sky_orchards.resin_dirt":69,"stat.useItem.inspirations.wooden_crook":340,"stat.useItem.tp.toasted_bread":1,"stat.pickup.sky_orchards.resin_sand":35,"stat.pickup.minecraft.log":102,"stat.pickup.sky_orchards.resin_clay":14,"stat.craftItem.sky_orchards.acorn_dirt":4,"stat.jump":300,"stat.swimOneCm":1319,"stat.fallOneCm":370680,"stat.useItem.minecraft.planks":1,"stat.pickup.sky_orchards.acorn_coal":1,"stat.craftItem.rustic.crushing_tub":2,"stat.mineBlock.sky_orchards.leaves_clay":130,"stat.craftItem.minecraft.stone_slab2":0,"stat.useItem.minecraft.stone_axe":58,"stat.pickup.sky_orchards.acorn_sand":15,"stat.crouchOneCm":32513,"stat.mineBlock.sky_orchards.log_dirt":60,"stat.craftItem.inspirations.stone_crook":3,"stat.drop.sky_orchards.sapling_coal":2,"stat.useItem.sky_orchards.sapling_petrified":15,"stat.mineBlock.sky_orchards.log_sand":24,"stat.craftItem.minecraft.chest":20,"stat.pickup.rustic.grape_stem":2,"stat.pickup.minecraft.sapling":8,"stat.pickup.sky_orchards.acorn_dirt":79,"stat.pickup.minecraft.dirt":7,"stat.useItem.minecraft.dirt":4,"stat.sprintOneCm":122649,"stat.useItem.minecraft.stone_slab2":11,"stat.pickup.sky_orchards.sapling_coal":2,"stat.pickup.minecraft.skull":1,"stat.craftItem.minecraft.stick":40,"stat.craftItem.minecraft.wooden_axe":7,"stat.mineBlock.sky_orchards.leaves_sand":109,"stat.pickup.sky_orchards.sapling_sand":18,"stat.pickup.sky_orchards.sapling_dirt":230,"stat.mineBlock.sky_orchards.leaves_petrified":222,"stat.craftItem.bdsandm.wood_crate":7,"stat.craftItem.minecraft.planks":744,"stat.craftItem.minecraft.stone_axe":2,"stat.damageTaken":2516,"stat.craftItem.minecraft.dirt":7,"stat.craftItem.sky_orchards.acorn_petrified":4,"stat.pickup.inspirations.wooden_crook":1,"stat.mineBlock.sky_orchards.leaves_dirt":856,"stat.mineBlock.minecraft.wooden_slab":22,"stat.mineBlock.minecraft.log":5,"stat.pickup.minecraft.dye":1,"stat.pickup.minecraft.planks":1,"stat.mineBlock.sky_orchards.log_clay":13,"stat.flyOneCm":21481,"stat.deaths":9,"stat.mineBlock.minecraft.planks":1,"stat.drop":5,"stat.mineBlock.minecraft.leaves":18,"stat.playOneMinute":78195,"stat.mineBlock.sky_orchards.sapling_petrified":1,"stat.craftItem.minecraft.wooden_slab":516,"stat.pickup.sky_orchards.resin_petrified":15,"stat.pickup.sky_orchards.sapling_clay":21,"stat.sneakTime":10145,"stat.pickup.statues.blockplayerstatue":4,"stat.useItem.sky_orchards.acorn_dirt":8,"stat.damageDealt":265,"stat.pickup.sky_orchards.sapling_petrified":105,"stat.timeSinceDeath":1541,"stat.useItem.minecraft.wooden_axe":75,"stat.craftItem.minecraft.brick":4,"stat.mineBlock.minecraft.dirt":2,"stat.useItem.minecraft.wooden_slab":216,"stat.craftItem.minecraft.cobblestone":8,"stat.drop.advancementbook.advancement_book":1,"stat.useItem.sky_orchards.sapling_dirt":12,"stat.mineBlock.sky_orchards.log_petrified":10,"stat.drop.minecraft.wooden_axe":1}