{"stat.chestOpened":11,"stat.pickup.tconstruct.tooltables":1,"stat.useItem.sky_orchards.acorn_petrified":7,"stat.pickup.minecraft.wooden_slab":55,"stat.useItem.slabmachines.crafting_station_slab":1,"stat.leaveGame":1,"stat.mineBlock.sky_orchards.leaves_gravel":138,"stat.pickup.minecraft.flint":3,"stat.drop.rustic.grape_stem":1,"stat.pickup.sky_orchards.acorn_petrified":125,"stat.pickup.bdsandm.wood_crate":5,"stat.pickup.sky_orchards.resin_dirt":1065,"stat.useItem.inspirations.wooden_crook":470,"stat.craftItem.minecraft.coal":1,"stat.jump":392,"stat.swimOneCm":2059,"stat.useItem.sky_orchards.sapling_gravel":29,"stat.craftItem.tconstruct.rack":3,"stat.fallOneCm":270694,"stat.useItem.minecraft.planks":3,"stat.crouchOneCm":105968,"stat.mineBlock.slabmachines.crafting_station_slab":2,"stat.mineBlock.sky_orchards.log_dirt":675,"stat.craftItem.minecraft.chest":65,"stat.craftItem.minecraft.torch":4,"stat.pickup.rustic.grape_stem":1,"stat.useItem.minecraft.dirt":84,"stat.pickup.minecraft.dirt":19,"stat.useItem.minecraft.stone_slab2":47,"stat.craftingTableInteraction":9,"stat.craftItem.minecraft.furnace":2,"stat.pickup.sky_orchards.sapling_dirt":253,"stat.mineBlock.tconstruct.tooltables":1,"stat.craftItem.tconstruct.pattern":295,"stat.damageTaken":1261,"stat.mineBlock.bdsandm.wood_crate":6,"stat.mineBlock.minecraft.torch":2,"stat.mineBlock.sky_orchards.leaves_dirt":3022,"stat.mineBlock.minecraft.wooden_slab":49,"stat.pickup.minecraft.planks":16,"stat.flyOneCm":30942,"stat.craftItem.slabmachines.crafting_station_slab":2,"stat.mineBlock.sky_orchards.sapling_petrified":3,"stat.craftItem.minecraft.wooden_slab":852,"stat.pickup.sky_orchards.resin_petrified":411,"stat.useItem.bdsandm.wood_crate":24,"stat.damageDealt":131,"stat.pickup.sky_orchards.sapling_petrified":55,"stat.useItem.sky_orchards.acorn_gravel":9,"stat.timeSinceDeath":142140,"stat.mineBlock.minecraft.dirt":19,"stat.useItem.minecraft.wooden_slab":725,"stat.drop.minecraft.stick":1,"stat.walkOneCm":404539,"stat.useItem.minecraft.torch":13,"stat.mineBlock.sky_orchards.sapling_dirt":44,"stat.pickup.minecraft.stick":6,"stat.useItem.slabmachines.workbench_slab":1,"stat.useItem.minecraft.log":1,"stat.furnaceInteraction":35,"stat.craftItem.inspirations.wooden_crook":7,"stat.craftItem.sky_orchards.acorn_coal":6,"stat.craftItem.minecraft.crafting_table":3,"stat.pickup.sky_orchards.acorn_clay":9,"stat.useItem.tp.toasted_bread":1,"stat.useItem.sky_orchards.acorn_coal":6,"stat.pickup.minecraft.log":1016,"stat.craftItem.sky_orchards.acorn_dirt":9,"stat.mineBlock.sky_orchards.log_gravel":18,"stat.pickup.sky_orchards.resin_gravel":25,"stat.craftItem.rustic.crushing_tub":2,"stat.pickup.sky_orchards.acorn_gravel":27,"stat.mineBlock.slabmachines.workbench_slab":2,"stat.useItem.slabmachines.furnace_slab":3,"stat.craftItem.minecraft.stone_slab2":0,"stat.craftItem.sky_orchards.acorn_sand":12,"stat.pickup.slabmachines.crafting_station_slab":2,"stat.useItem.sky_orchards.sapling_petrified":85,"stat.craftItem.tconstruct.tooltables":5,"stat.pickup.sky_orchards.acorn_dirt":323,"stat.sprintOneCm":94376,"stat.pickup.sky_orchards.sapling_gravel":5,"stat.craftItem.minecraft.stick":164,"stat.pickup.slabmachines.workbench_slab":2,"stat.useItem.carryon.tile_item":8,"stat.mineBlock.sky_orchards.leaves_petrified":1084,"stat.craftItem.bdsandm.wood_crate":64,"stat.useItem.sky_orchards.acorn_clay":9,"stat.craftItem.minecraft.planks":1868,"stat.craftItem.minecraft.dirt":86,"stat.craftItem.sky_orchards.acorn_petrified":7,"stat.mineBlock.minecraft.log":1,"stat.deaths":3,"stat.mineBlock.minecraft.planks":1,"stat.drop":3,"stat.craftItem.slabmachines.furnace_slab":4,"stat.playOneMinute":268245,"stat.pickup.minecraft.torch":18,"stat.useItem.sky_orchards.acorn_sand":2,"stat.sneakTime":20450,"stat.useItem.sky_orchards.acorn_dirt":18,"stat.craftItem.conarm.armorstation":1,"stat.drop.minecraft.torch":1,"stat.craftItem.minecraft.cobblestone":32,"stat.craftItem.slabmachines.workbench_slab":2,"stat.useItem.sky_orchards.sapling_dirt":217,"stat.mineBlock.sky_orchards.log_petrified":279}