{"stat.mineBlock.sky_orchards.log_coal":372,"stat.craftItem.sky_orchards.sapling_sand":1,"stat.pickup.minecraft.wooden_slab":21,"stat.craftItem.ceramics.unfired_clay":1,"stat.mineBlock.tconstruct.tinker_tank_controller":1,"stat.leaveGame":1,"stat.mineBlock.sky_orchards.leaves_gravel":1118,"stat.pickup.minecraft.flint":47,"stat.craftItem.tconstruct.faucet":2,"stat.pickup.bdsandm.wood_crate":6,"stat.pickup.sky_orchards.resin_dirt":204,"stat.pickup.pickletweaks.coal_piece":110,"stat.craftItem.sky_orchards.amber_iron":82,"stat.drop.minecraft.skull":1,"stat.swimOneCm":496,"stat.pickup.rustic.crushing_tub":2,"stat.useItem.minecraft.planks":13,"stat.craftItem.sky_orchards.sapling_petrified":1,"stat.craftItem.inspirations.stone_crook":33,"stat.mineBlock.sky_orchards.log_dirt":150,"stat.useItem.sky_orchards.sapling_bone":6,"stat.useItem.minecraft.dirt":6,"stat.useItem.minecraft.stone_slab2":89,"stat.pickup.minecraft.rotten_flesh":3,"stat.craftItem.minecraft.furnace":4,"stat.craftItem.sky_orchards.sapling_gravel":3,"stat.pickup.sky_orchards.sapling_dirt":257,"stat.pickup.morecauldrons.stone_cauldron":4,"stat.craftItem.minecraft.stone_axe":19,"stat.craftItem.sky_orchards.sapling_bone":1,"stat.craftItem.minecraft.stone_pickaxe":1,"stat.mineBlock.sky_orchards.leaves_dirt":1241,"stat.pickup.minecraft.cobblestone":3,"stat.mineBlock.minecraft.wooden_slab":20,"stat.craftItem.tconstruct.casting":4,"stat.flyOneCm":76018,"stat.mineBlock.sky_orchards.leaves_coal":2532,"stat.pickup.sky_orchards.resin_coal":570,"stat.craftItem.minecraft.wooden_slab":312,"stat.pickup.sky_orchards.resin_petrified":574,"stat.pickup.sky_orchards.sapling_petrified":534,"stat.timeSinceDeath":97205,"stat.useItem.minecraft.wooden_slab":253,"stat.killEntity.ranged_rogue_android":1,"stat.mineBlock.sky_orchards.sapling_sand":3,"stat.pickup.minecraft.wooden_axe":1,"stat.mineBlock.minecraft.vine":54,"stat.craftItem.tconstruct.seared":30,"stat.drop.ceramics.clay_bucket":1,"stat.furnaceInteraction":272,"stat.craftItem.sky_orchards.acorn_coal":64,"stat.useItem.tconstruct.rack":8,"stat.useItem.sky_orchards.sapling_clay":22,"stat.drop.sky_orchards.sapling_cottonwood":1,"stat.useItem.xlfoodmod.coffee":1,"stat.mineBlock.rustic.apple_seeds":4,"stat.useItem.tp.toasted_bread":1,"stat.craftItem.tconstruct.soil":176,"stat.useItem.sky_orchards.acorn_coal":6,"stat.craftItem.sky_orchards.acorn_dirt":34,"stat.pickup.tconstruct.smeltery_controller":1,"stat.pickup.sky_orchards.acorn_coal":295,"stat.mineBlock.rustic.sapling_apple":1,"stat.pickup.minecraft.furnace":2,"stat.mineBlock.sky_orchards.leaves_clay":371,"stat.craftItem.minecraft.stone_slab2":0,"stat.pickup.sky_orchards.sapling_cottonwood":1,"stat.craftItem.tconstruct.stone_stick":16,"stat.useItem.sky_orchards.sapling_petrified":94,"stat.drop.sky_orchards.acorn_dirt":10,"stat.craftItem.tconstruct.tooltables":4,"stat.pickup.sky_orchards.acorn_dirt":157,"stat.sprintOneCm":475366,"stat.pickup.sky_orchards.sapling_coal":379,"stat.craftItem.minecraft.stick":64,"stat.craftItem.minecraft.wooden_axe":4,"stat.mineBlock.morecauldrons.stone_cauldron":4,"stat.useItem.carryon.tile_item":40,"stat.mineBlock.sky_orchards.leaves_petrified":2935,"stat.craftItem.minecraft.stone":7,"stat.craftItem.minecraft.sand":46,"stat.craftItem.minecraft.clay_ball":192,"stat.useItem.minecraft.dye":5,"stat.deaths":9,"stat.mineBlock.minecraft.planks":3,"stat.useItem.tconstruct.smeltery_io":1,"stat.drop":29,"stat.playOneMinute":180751,"stat.craftItem.sky_orchards.sapling_clay":2,"stat.mineBlock.rustic.leaves_apple":52,"stat.useItem.tconstruct.seared":36,"stat.useItem.sky_orchards.acorn_dirt":36,"stat.mineBlock.bonsaitrees.bonsaipot":2,"stat.killEntity.Zombie":3,"stat.drop.statues.blockplayerstatue":2,"stat.craftItem.minecraft.clay":72,"stat.useItem.sky_orchards.sapling_sand":19,"stat.pickup.tconstruct.seared":13,"stat.chestOpened":218,"stat.useItem.inspirations.stone_crook":7376,"stat.useItem.sky_orchards.acorn_petrified":38,"stat.mineBlock.sky_orchards.leaves_bone":284,"stat.useItem.slabmachines.crafting_station_slab":1,"stat.mineBlock.tconstruct.smeltery_controller":1,"stat.pickup.sky_orchards.acorn_petrified":340,"stat.useItem.bonsaitrees.bonsaipot":8,"stat.useItem.minecraft.apple":3,"stat.craftItem.morecauldrons.stone_cauldron":1,"stat.useItem.inspirations.wooden_crook":1879,"stat.pickup.sky_orchards.resin_sand":104,"stat.craftItem.sky_orchards.sapling_coal":3,"stat.craftItem.minecraft.coal":17,"stat.pickup.sky_orchards.resin_clay":80,"stat.useItem.sky_orchards.sapling_gravel":44,"stat.jump":667,"stat.craftItem.tconstruct.rack":10,"stat.fallOneCm":677382,"stat.craftItem.inspirations.mulch":48,"stat.craftItem.bonsaitrees.bonsaipot":28,"stat.useItem.minecraft.stone_axe":1427,"stat.crouchOneCm":57032,"stat.mineBlock.minecraft.chest":2,"stat.craftItem.minecraft.chest":77,"stat.craftItem.minecraft.iron_ingot":66,"stat.mineBlock.sky_orchards.log_sand":65,"stat.craftItem.minecraft.torch":24,"stat.pickup.tconstruct.tinker_tank_controller":1,"stat.pickup.rustic.grape_stem":10,"stat.pickup.minecraft.dirt":12,"stat.pickup.bonsaitrees.bonsaipot":2,"stat.mineBlock.sky_orchards.sapling_bone":2,"stat.craftItem.minecraft.hopper":13,"stat.craftingTableInteraction":3,"stat.mineBlock.sky_orchards.leaves_sand":549,"stat.pickup.sky_orchards.resin_bone":46,"stat.useItem.minecraft.sapling":9,"stat.pickup.sky_orchards.sapling_sand":79,"stat.mineBlock.minecraft.leaves2":78,"stat.mineBlock.minecraft.log2":11,"stat.damageTaken":3255,"stat.mineBlock.bdsandm.wood_crate":6,"stat.mineBlock.minecraft.furnace":2,"stat.mineBlock.minecraft.torch":3,"stat.craftItem.tconstruct.materials":176,"stat.mineBlock.minecraft.sapling":5,"stat.pickup.minecraft.log2":11,"stat.pickup.minecraft.dye":19,"stat.pickup.minecraft.planks":40,"stat.craftItem.slabmachines.crafting_station_slab":2,"stat.mineBlock.sky_orchards.sapling_petrified":41,"stat.useItem.minecraft.stone_pickaxe":21,"stat.craftItem.tconstruct.seared_tank":1,"stat.pickup.sky_orchards.sapling_clay":67,"stat.pickup.statues.blockplayerstatue":3,"stat.useItem.bdsandm.wood_crate":31,"stat.damageDealt":1946,"stat.mineBlock.sky_orchards.log_bone":31,"stat.craftItem.minecraft.glass":1,"stat.useItem.sky_orchards.acorn_gravel":21,"stat.mineBlock.minecraft.dirt":4,"stat.craftItem.minecraft.gravel":71,"stat.pickup.sky_orchards.acorn_bone":36,"stat.drop.minecraft.stick":1,"stat.walkOneCm":499736,"stat.useItem.minecraft.torch":9,"stat.playerKills":6,"stat.useItem.minecraft.chest":16,"stat.craftItem.tconstruct.smeltery_io":3,"stat.mineBlock.sky_orchards.sapling_dirt":30,"stat.pickup.sky_orchards.sapling_bone":38,"stat.craftItem.minecraft.crafting_table":2,"stat.craftItem.inspirations.wooden_crook":18,"stat.pickup.sky_orchards.acorn_clay":40,"stat.pickup.rustic.apple_seeds":10,"stat.craftItem.ceramics.clay_bucket":1,"stat.mineBlock.sky_orchards.sapling_coal":8,"stat.craftItem.morecauldrons.oak_cauldron":2,"stat.mineBlock.sky_orchards.sapling_clay":12,"stat.pickup.minecraft.log":1386,"stat.mineBlock.sky_orchards.log_gravel":150,"stat.pickup.sky_orchards.resin_gravel":230,"stat.pickup.sky_orchards.acorn_gravel":130,"stat.useItem.slabmachines.furnace_slab":6,"stat.drop.minecraft.planks":6,"stat.craftItem.sky_orchards.acorn_gravel":30,"stat.pickup.sky_orchards.acorn_sand":60,"stat.craftItem.sky_orchards.acorn_sand":27,"stat.pickup.minecraft.sapling":44,"stat.pickup.sky_orchards.sapling_gravel":179,"stat.craftItem.tconstruct.smeltery_controller":2,"stat.drop.sky_orchards.sapling_dirt":6,"stat.mineBlock.sky_orchards.sapling_gravel":16,"stat.craftItem.minecraft.bucket":3,"stat.useItem.sky_orchards.acorn_clay":21,"stat.craftItem.bdsandm.wood_crate":36,"stat.craftItem.minecraft.planks":593,"stat.killEntity.rogue_android":1,"stat.craftItem.minecraft.dirt":21,"stat.craftItem.sky_orchards.acorn_petrified":71,"stat.craftItem.sky_orchards.acorn_clay":30,"stat.mobKills":5,"stat.mineBlock.minecraft.log":159,"stat.mineBlock.sky_orchards.log_clay":49,"stat.pickup.rustic.sapling_apple":7,"stat.mineBlock.minecraft.leaves":206,"stat.mineBlock.rustic.crushing_tub":2,"stat.craftItem.slabmachines.furnace_slab":8,"stat.pickup.minecraft.torch":3,"stat.useItem.sky_orchards.acorn_sand":26,"stat.useItem.sky_orchards.sapling_coal":82,"stat.mineBlock.tconstruct.seared":13,"stat.sneakTime":13217,"stat.useItem.minecraft.wooden_axe":110,"stat.craftItem.minecraft.brick":73,"stat.craftItem.tconstruct.tinker_tank_controller":2,"stat.craftItem.minecraft.cobblestone":125,"stat.useItem.sky_orchards.sapling_dirt":44,"stat.mineBlock.sky_orchards.log_petrified":369,"stat.drop.minecraft.wooden_axe":1,"stat.pickup.minecraft.chest":2,"stat.useItem.rustic.apple_seeds":4}