{"stat.chestOpened":107,"stat.useItem.inspirations.stone_crook":2517,"stat.pickup.inspirations.stone_crook":2,"stat.craftItem.sky_orchards.sapling_cottonwood":2,"stat.useItem.sky_orchards.acorn_petrified":54,"stat.pickup.minecraft.wooden_slab":24,"stat.drop.sky_orchards.resin_dirt":1,"stat.drop.pickletweaks.coal_piece":2,"stat.useItem.slabmachines.crafting_station_slab":1,"stat.leaveGame":9,"stat.pickup.minecraft.flint":1,"stat.pickup.minecraft.stone_axe":2,"stat.pickup.sky_orchards.acorn_petrified":116,"stat.pickup.bdsandm.wood_crate":6,"stat.pickup.sky_orchards.resin_dirt":273,"stat.useItem.inspirations.wooden_crook":340,"stat.pickup.pickletweaks.coal_piece":2,"stat.pickup.sky_orchards.resin_sand":35,"stat.craftItem.minecraft.coal":3,"stat.pickup.sky_orchards.resin_clay":14,"stat.jump":583,"stat.swimOneCm":1319,"stat.craftItem.tconstruct.rack":21,"stat.useItem.minecraft.planks":36,"stat.fallOneCm":373399,"stat.useItem.minecraft.stone_axe":303,"stat.crouchOneCm":73454,"stat.mineBlock.sky_orchards.log_dirt":197,"stat.craftItem.inspirations.stone_crook":10,"stat.mineBlock.minecraft.chest":1,"stat.mineBlock.sky_orchards.log_sand":24,"stat.craftItem.minecraft.chest":73,"stat.craftItem.minecraft.torch":12,"stat.pickup.rustic.grape_stem":2,"stat.pickup.minecraft.dirt":16,"stat.useItem.minecraft.dirt":24,"stat.useItem.minecraft.stone_slab2":48,"stat.mineBlock.sky_orchards.leaves_sand":109,"stat.pickup.sky_orchards.sapling_sand":18,"stat.pickup.sky_orchards.sapling_dirt":413,"stat.drop.inspirations.stone_crook":1,"stat.craftItem.minecraft.stone_axe":8,"stat.damageTaken":2784,"stat.mineBlock.bdsandm.wood_crate":6,"stat.mineBlock.sky_orchards.leaves_dirt":1930,"stat.mineBlock.minecraft.wooden_slab":48,"stat.drop.sky_orchards.sapling_gravel":1,"stat.pickup.minecraft.dye":1,"stat.pickup.minecraft.planks":15,"stat.flyOneCm":94561,"stat.craftItem.slabmachines.crafting_station_slab":2,"stat.mineBlock.sky_orchards.leaves_coal":51,"stat.mineBlock.sky_orchards.sapling_petrified":6,"stat.craftItem.minecraft.wooden_slab":720,"stat.pickup.sky_orchards.resin_petrified":89,"stat.pickup.sky_orchards.sapling_clay":21,"stat.pickup.statues.blockplayerstatue":4,"stat.useItem.bdsandm.wood_crate":35,"stat.damageDealt":285,"stat.pickup.sky_orchards.sapling_petrified":197,"stat.timeSinceDeath":73541,"stat.mineBlock.minecraft.dirt":12,"stat.useItem.minecraft.wooden_slab":607,"stat.drop.advancementbook.advancement_book":1,"stat.walkOneCm":240571,"stat.pickup.ceramics.clay_bucket":1,"stat.craftItem.sky_orchards.amber_petrified":3,"stat.useItem.minecraft.torch":6,"stat.playerKills":2,"stat.useItem.minecraft.chest":24,"stat.mineBlock.sky_orchards.sapling_dirt":5,"stat.pickup.minecraft.wooden_axe":1,"stat.pickup.advancementbook.advancement_book":1,"stat.furnaceInteraction":42,"stat.craftItem.inspirations.wooden_crook":3,"stat.craftItem.minecraft.crafting_table":1,"stat.pickup.sky_orchards.acorn_clay":20,"stat.useItem.statues.blockplayerstatue":4,"stat.useItem.tconstruct.rack":18,"stat.craftItem.morecauldrons.oak_cauldron":1,"stat.drop.sky_orchards.sapling_cottonwood":1,"stat.useItem.tp.toasted_bread":1,"stat.useItem.sky_orchards.acorn_coal":4,"stat.pickup.minecraft.log":300,"stat.craftItem.sky_orchards.acorn_dirt":4,"stat.drop.sky_orchards.acorn_coal":1,"stat.pickup.sky_orchards.acorn_coal":78,"stat.craftItem.rustic.crushing_tub":3,"stat.mineBlock.sky_orchards.leaves_clay":130,"stat.craftItem.minecraft.stone_slab2":0,"stat.pickup.sky_orchards.sapling_cottonwood":1,"stat.pickup.sky_orchards.acorn_sand":15,"stat.drop.sky_orchards.sapling_coal":2,"stat.useItem.sky_orchards.sapling_petrified":40,"stat.pickup.minecraft.sapling":18,"stat.craftItem.tconstruct.tooltables":1,"stat.pickup.sky_orchards.acorn_dirt":178,"stat.sprintOneCm":319939,"stat.pickup.sky_orchards.sapling_coal":10,"stat.pickup.sky_orchards.sapling_gravel":1,"stat.pickup.minecraft.skull":1,"stat.craftItem.minecraft.stick":40,"stat.craftItem.minecraft.wooden_axe":7,"stat.useItem.carryon.tile_item":3,"stat.mineBlock.sky_orchards.leaves_petrified":664,"stat.craftItem.bdsandm.wood_crate":36,"stat.craftItem.minecraft.planks":1492,"stat.craftItem.minecraft.dirt":30,"stat.craftItem.sky_orchards.acorn_petrified":32,"stat.pickup.inspirations.wooden_crook":1,"stat.mineBlock.minecraft.log":16,"stat.mineBlock.sky_orchards.log_clay":13,"stat.deaths":9,"stat.mineBlock.minecraft.planks":15,"stat.drop":20,"stat.mineBlock.minecraft.leaves":129,"stat.playOneMinute":150195,"stat.pickup.minecraft.torch":12,"stat.sneakTime":21991,"stat.useItem.sky_orchards.acorn_dirt":8,"stat.drop.minecraft.stone_axe":2,"stat.useItem.minecraft.wooden_axe":75,"stat.drop.minecraft.torch":7,"stat.craftItem.minecraft.brick":4,"stat.craftItem.minecraft.cobblestone":29,"stat.useItem.sky_orchards.sapling_dirt":56,"stat.mineBlock.sky_orchards.log_petrified":60,"stat.drop.minecraft.wooden_axe":1,"stat.pickup.minecraft.chest":1}