{"stat.mineBlock.sky_orchards.log_coal":6,"stat.craftItem.sky_orchards.sapling_cottonwood":2,"stat.pickup.minecraft.wooden_slab":38,"stat.drop.sky_orchards.resin_dirt":1,"stat.drop.pickletweaks.coal_piece":2,"stat.leaveGame":10,"stat.mineBlock.sky_orchards.leaves_gravel":55,"stat.pickup.minecraft.flint":5,"stat.pickup.bdsandm.wood_crate":7,"stat.pickup.sky_orchards.resin_dirt":273,"stat.pickup.pickletweaks.coal_piece":5,"stat.swimOneCm":2552,"stat.useItem.minecraft.planks":51,"stat.mineBlock.morecauldrons.oak_cauldron":1,"stat.mineBlock.sky_orchards.log_dirt":197,"stat.craftItem.inspirations.stone_crook":12,"stat.useItem.minecraft.dirt":28,"stat.useItem.minecraft.stone_slab2":70,"stat.pickup.sky_orchards.resin_cottonwood":8,"stat.useItem.minecraft.water_bucket":15,"stat.pickup.minecraft.rotten_flesh":2,"stat.craftItem.minecraft.furnace":1,"stat.pickup.sky_orchards.sapling_dirt":415,"stat.craftItem.minecraft.stone_axe":11,"stat.mineBlock.sky_orchards.leaves_dirt":1930,"stat.mineBlock.minecraft.wooden_slab":59,"stat.flyOneCm":256113,"stat.mineBlock.sky_orchards.leaves_coal":105,"stat.pickup.inspirations.mulch":19,"stat.pickup.sky_orchards.resin_coal":10,"stat.craftItem.minecraft.wooden_slab":1194,"stat.pickup.sky_orchards.resin_petrified":89,"stat.pickup.sky_orchards.sapling_petrified":199,"stat.timeSinceDeath":165451,"stat.mineBlock.sky_orchards.leaves_cottonwood":56,"stat.useItem.minecraft.wooden_slab":759,"stat.craftItem.minecraft.hardened_clay":6,"stat.pickup.minecraft.wooden_axe":1,"stat.furnaceInteraction":63,"stat.useItem.statues.blockplayerstatue":4,"stat.useItem.tconstruct.rack":18,"stat.drop.sky_orchards.sapling_cottonwood":1,"stat.useItem.tp.toasted_bread":1,"stat.useItem.sky_orchards.acorn_coal":22,"stat.pickup.minecraft.string":1,"stat.craftItem.sky_orchards.acorn_dirt":4,"stat.drop.sky_orchards.acorn_coal":1,"stat.pickup.sky_orchards.acorn_coal":81,"stat.useItem.tconstruct.edible":2,"stat.mineBlock.sky_orchards.leaves_clay":186,"stat.craftItem.minecraft.stone_slab2":0,"stat.pickup.sky_orchards.sapling_cottonwood":8,"stat.useItem.sky_orchards.sapling_petrified":40,"stat.craftItem.tconstruct.tooltables":1,"stat.pickup.sky_orchards.acorn_dirt":178,"stat.sprintOneCm":624740,"stat.pickup.sky_orchards.sapling_coal":22,"stat.pickup.minecraft.skull":1,"stat.craftItem.minecraft.stick":88,"stat.craftItem.minecraft.wooden_axe":7,"stat.useItem.carryon.tile_item":43,"stat.mineBlock.sky_orchards.leaves_petrified":665,"stat.pickup.inspirations.wooden_crook":1,"stat.deaths":9,"stat.mineBlock.minecraft.planks":30,"stat.drop":20,"stat.playOneMinute":242105,"stat.useItem.sky_orchards.acorn_dirt":8,"stat.mineBlock.bonsaitrees.bonsaipot":14,"stat.killEntity.Zombie":1,"stat.drop.minecraft.torch":7,"stat.diveOneCm":319,"stat.chestOpened":238,"stat.useItem.inspirations.stone_crook":3057,"stat.pickup.inspirations.stone_crook":3,"stat.pickup.sky_orchards.acorn_cottonwood":5,"stat.useItem.sky_orchards.acorn_petrified":54,"stat.useItem.slabmachines.crafting_station_slab":1,"stat.mineBlock.sky_orchards.leaves_bone":58,"stat.pickup.minecraft.stone_axe":2,"stat.pickup.sky_orchards.acorn_petrified":116,"stat.useItem.minecraft.apple":9,"stat.useItem.bonsaitrees.bonsaipot":8,"stat.useItem.inspirations.wooden_crook":340,"stat.pickup.sky_orchards.resin_sand":41,"stat.craftItem.minecraft.coal":9,"stat.pickup.sky_orchards.resin_clay":21,"stat.pickup.minecraft.brick":41,"stat.jump":1313,"stat.craftItem.tconstruct.rack":21,"stat.fallOneCm":388704,"stat.craftItem.inspirations.mulch":24,"stat.pickup.sky_orchards.leaves_bone":229,"stat.craftItem.bonsaitrees.bonsaipot":28,"stat.useItem.minecraft.stone_axe":491,"stat.crouchOneCm":96545,"stat.mineBlock.minecraft.chest":8,"stat.mineBlock.sky_orchards.log_sand":28,"stat.craftItem.minecraft.chest":97,"stat.craftItem.minecraft.torch":36,"stat.craftItem.minecraft.iron_ingot":108,"stat.pickup.rustic.grape_stem":10,"stat.useItem.inspirations.mulch":5,"stat.pickup.minecraft.dirt":23,"stat.pickup.bonsaitrees.bonsaipot":14,"stat.craftItem.minecraft.hopper":21,"stat.craftingTableInteraction":6,"stat.mineBlock.sky_orchards.leaves_sand":165,"stat.pickup.sky_orchards.resin_bone":99,"stat.pickup.sky_orchards.sapling_sand":22,"stat.useItem.minecraft.sapling":5,"stat.drop.inspirations.stone_crook":1,"stat.damageTaken":2862,"stat.mineBlock.bdsandm.wood_crate":6,"stat.drop.sky_orchards.sapling_gravel":1,"stat.pickup.minecraft.dye":27,"stat.pickup.minecraft.planks":30,"stat.craftItem.slabmachines.crafting_station_slab":2,"stat.mineBlock.sky_orchards.sapling_petrified":6,"stat.pickup.sky_orchards.sapling_clay":34,"stat.pickup.statues.blockplayerstatue":4,"stat.useItem.bdsandm.wood_crate":35,"stat.damageDealt":675,"stat.mineBlock.sky_orchards.log_bone":5,"stat.useItem.sky_orchards.leaves_petrified":1,"stat.sleepInBed":1,"stat.mineBlock.minecraft.dirt":19,"stat.drop.advancementbook.advancement_book":1,"stat.pickup.sky_orchards.acorn_bone":142,"stat.walkOneCm":403871,"stat.pickup.ceramics.clay_bucket":1,"stat.craftItem.sky_orchards.amber_petrified":3,"stat.useItem.minecraft.torch":14,"stat.playerKills":2,"stat.useItem.minecraft.chest":25,"stat.mineBlock.sky_orchards.sapling_dirt":5,"stat.pickup.minecraft.stick":192,"stat.pickup.advancementbook.advancement_book":1,"stat.pickup.sky_orchards.sapling_bone":13,"stat.craftItem.inspirations.wooden_crook":3,"stat.craftItem.minecraft.crafting_table":1,"stat.pickup.sky_orchards.acorn_clay":23,"stat.craftItem.morecauldrons.oak_cauldron":2,"stat.pickup.minecraft.log":992,"stat.mineBlock.sky_orchards.log_gravel":5,"stat.pickup.sky_orchards.resin_gravel":7,"stat.craftItem.rustic.crushing_tub":3,"stat.pickup.sky_orchards.acorn_gravel":6,"stat.pickup.sky_orchards.acorn_sand":18,"stat.drop.sky_orchards.sapling_coal":2,"stat.pickup.minecraft.sapling":37,"stat.pickup.sky_orchards.sapling_gravel":9,"stat.craftItem.minecraft.bucket":3,"stat.craftItem.bdsandm.wood_crate":36,"stat.craftItem.minecraft.planks":1952,"stat.craftItem.minecraft.dirt":97,"stat.pickup.morecauldrons.oak_cauldron":1,"stat.craftItem.sky_orchards.acorn_petrified":32,"stat.mineBlock.inspirations.mulch":5,"stat.mobKills":1,"stat.mineBlock.minecraft.log":107,"stat.mineBlock.sky_orchards.log_clay":18,"stat.mineBlock.minecraft.leaves":334,"stat.pickup.minecraft.torch":13,"stat.sneakTime":28059,"stat.mineBlock.sky_orchards.log_cottonwood":6,"stat.drop.minecraft.stone_axe":2,"stat.useItem.minecraft.wooden_axe":75,"stat.craftItem.minecraft.brick":34,"stat.craftItem.minecraft.cobblestone":46,"stat.useItem.sky_orchards.sapling_dirt":56,"stat.mineBlock.sky_orchards.log_petrified":60,"stat.drop.minecraft.wooden_axe":1,"stat.pickup.minecraft.chest":8}